A1,A2,A3,A4,A5,B,composition,Pred_Phase_p06
Mg,Mn,Cu,Ag,Fe,Ag,Mg0.2Mn0.2Cu0.2Ag0.2Fe0.2Ag2O4,0
Mg,Mn,Cu,Ag,Fe,Al,Mg0.2Mn0.2Cu0.2Ag0.2Fe0.2Al2O4,1
Mg,Mn,Cu,Ag,Fe,B,Mg0.2Mn0.2Cu0.2Ag0.2Fe0.2B2O4,0
Mg,Mn,Cu,Ag,Fe,Bi,Mg0.2Mn0.2Cu0.2Ag0.2Fe0.2Bi2O4,1
Mg,Mn,Cu,Ag,Fe,Ti,Mg0.2Mn0.2Cu0.2Ag0.2Fe0.2Ti2O4,0
Mg,Mn,Cu,Ag,Fe,Co,Mg0.2Mn0.2Cu0.2Ag0.2Fe0.2Co2O4,0
Mg,Mn,Cu,Ag,Fe,Cr,Mg0.2Mn0.2Cu0.2Ag0.2Fe0.2Cr2O4,0
Mg,Mn,Cu,Ag,Fe,Cu,Mg0.2Mn0.2Cu0.2Ag0.2Fe0.2Cu2O4,0
Mg,Mn,Cu,Ag,Fe,Fe,Mg0.2Mn0.2Cu0.2Ag0.2Fe0.2Fe2O4,0
Mg,Mn,Cu,Ag,Fe,V,Mg0.2Mn0.2Cu0.2Ag0.2Fe0.2V2O4,0
Mg,Mn,Cu,Ag,Fe,Ga,Mg0.2Mn0.2Cu0.2Ag0.2Fe0.2Ga2O4,1
Mg,Mn,Cu,Ag,Fe,In,Mg0.2Mn0.2Cu0.2Ag0.2Fe0.2In2O4,0
Mg,Mn,Cu,Ag,Fe,Mn,Mg0.2Mn0.2Cu0.2Ag0.2Fe0.2Mn2O4,0
Mg,Mn,Cu,Ag,Fe,Mo,Mg0.2Mn0.2Cu0.2Ag0.2Fe0.2Mo2O4,0
Mg,Mn,Cu,Ag,Fe,N,Mg0.2Mn0.2Cu0.2Ag0.2Fe0.2N2O4,0
Mg,Mn,Cu,Ag,Fe,Nb,Mg0.2Mn0.2Cu0.2Ag0.2Fe0.2Nb2O4,0
Mg,Mn,Cu,Ag,Fe,Ni,Mg0.2Mn0.2Cu0.2Ag0.2Fe0.2Ni2O4,0
Mg,Mn,Cu,Ag,Fe,Ru,Mg0.2Mn0.2Cu0.2Ag0.2Fe0.2Ru2O4,1
Mg,Mn,Cu,Ag,Ni,Ag,Mg0.2Mn0.2Cu0.2Ag0.2Ni0.2Ag2O4,1
Mg,Mn,Cu,Ag,Ni,Al,Mg0.2Mn0.2Cu0.2Ag0.2Ni0.2Al2O4,1
Mg,Mn,Cu,Ag,Ni,B,Mg0.2Mn0.2Cu0.2Ag0.2Ni0.2B2O4,0
Mg,Mn,Cu,Ag,Ni,Bi,Mg0.2Mn0.2Cu0.2Ag0.2Ni0.2Bi2O4,1
Mg,Mn,Cu,Ag,Ni,Ti,Mg0.2Mn0.2Cu0.2Ag0.2Ni0.2Ti2O4,0
Mg,Mn,Cu,Ag,Ni,Co,Mg0.2Mn0.2Cu0.2Ag0.2Ni0.2Co2O4,0
Mg,Mn,Cu,Ag,Ni,Cr,Mg0.2Mn0.2Cu0.2Ag0.2Ni0.2Cr2O4,0
Mg,Mn,Cu,Ag,Ni,Cu,Mg0.2Mn0.2Cu0.2Ag0.2Ni0.2Cu2O4,0
Mg,Mn,Cu,Ag,Ni,Fe,Mg0.2Mn0.2Cu0.2Ag0.2Ni0.2Fe2O4,0
Mg,Mn,Cu,Ag,Ni,V,Mg0.2Mn0.2Cu0.2Ag0.2Ni0.2V2O4,0
Mg,Mn,Cu,Ag,Ni,Ga,Mg0.2Mn0.2Cu0.2Ag0.2Ni0.2Ga2O4,1
Mg,Mn,Cu,Ag,Ni,In,Mg0.2Mn0.2Cu0.2Ag0.2Ni0.2In2O4,1
Mg,Mn,Cu,Ag,Ni,Mn,Mg0.2Mn0.2Cu0.2Ag0.2Ni0.2Mn2O4,0
Mg,Mn,Cu,Ag,Ni,Mo,Mg0.2Mn0.2Cu0.2Ag0.2Ni0.2Mo2O4,0
Mg,Mn,Cu,Ag,Ni,N,Mg0.2Mn0.2Cu0.2Ag0.2Ni0.2N2O4,0
Mg,Mn,Cu,Ag,Ni,Nb,Mg0.2Mn0.2Cu0.2Ag0.2Ni0.2Nb2O4,0
Mg,Mn,Cu,Ag,Ni,Ni,Mg0.2Mn0.2Cu0.2Ag0.2Ni0.2Ni2O4,0
Mg,Mn,Cu,Ag,Ni,Ru,Mg0.2Mn0.2Cu0.2Ag0.2Ni0.2Ru2O4,1
Mg,Mn,Cu,Ag,Co,Ag,Mg0.2Mn0.2Cu0.2Ag0.2Co0.2Ag2O4,1
Mg,Mn,Cu,Ag,Co,Al,Mg0.2Mn0.2Cu0.2Ag0.2Co0.2Al2O4,1
Mg,Mn,Cu,Ag,Co,B,Mg0.2Mn0.2Cu0.2Ag0.2Co0.2B2O4,0
Mg,Mn,Cu,Ag,Co,Bi,Mg0.2Mn0.2Cu0.2Ag0.2Co0.2Bi2O4,1
Mg,Mn,Cu,Ag,Co,Ti,Mg0.2Mn0.2Cu0.2Ag0.2Co0.2Ti2O4,0
Mg,Mn,Cu,Ag,Co,Co,Mg0.2Mn0.2Cu0.2Ag0.2Co0.2Co2O4,0
Mg,Mn,Cu,Ag,Co,Cr,Mg0.2Mn0.2Cu0.2Ag0.2Co0.2Cr2O4,0
Mg,Mn,Cu,Ag,Co,Cu,Mg0.2Mn0.2Cu0.2Ag0.2Co0.2Cu2O4,0
Mg,Mn,Cu,Ag,Co,Fe,Mg0.2Mn0.2Cu0.2Ag0.2Co0.2Fe2O4,0
Mg,Mn,Cu,Ag,Co,V,Mg0.2Mn0.2Cu0.2Ag0.2Co0.2V2O4,0
Mg,Mn,Cu,Ag,Co,Ga,Mg0.2Mn0.2Cu0.2Ag0.2Co0.2Ga2O4,1
Mg,Mn,Cu,Ag,Co,In,Mg0.2Mn0.2Cu0.2Ag0.2Co0.2In2O4,1
Mg,Mn,Cu,Ag,Co,Mn,Mg0.2Mn0.2Cu0.2Ag0.2Co0.2Mn2O4,0
Mg,Mn,Cu,Ag,Co,Mo,Mg0.2Mn0.2Cu0.2Ag0.2Co0.2Mo2O4,0
Mg,Mn,Cu,Ag,Co,N,Mg0.2Mn0.2Cu0.2Ag0.2Co0.2N2O4,0
Mg,Mn,Cu,Ag,Co,Nb,Mg0.2Mn0.2Cu0.2Ag0.2Co0.2Nb2O4,0
Mg,Mn,Cu,Ag,Co,Ni,Mg0.2Mn0.2Cu0.2Ag0.2Co0.2Ni2O4,0
Mg,Mn,Cu,Ag,Co,Ru,Mg0.2Mn0.2Cu0.2Ag0.2Co0.2Ru2O4,1
Mg,Mn,Cu,Ag,Zn,Ag,Mg0.2Mn0.2Cu0.2Ag0.2Zn0.2Ag2O4,1
Mg,Mn,Cu,Ag,Zn,Al,Mg0.2Mn0.2Cu0.2Ag0.2Zn0.2Al2O4,1
Mg,Mn,Cu,Ag,Zn,B,Mg0.2Mn0.2Cu0.2Ag0.2Zn0.2B2O4,0
Mg,Mn,Cu,Ag,Zn,Bi,Mg0.2Mn0.2Cu0.2Ag0.2Zn0.2Bi2O4,1
Mg,Mn,Cu,Ag,Zn,Ti,Mg0.2Mn0.2Cu0.2Ag0.2Zn0.2Ti2O4,1
Mg,Mn,Cu,Ag,Zn,Co,Mg0.2Mn0.2Cu0.2Ag0.2Zn0.2Co2O4,1
Mg,Mn,Cu,Ag,Zn,Cr,Mg0.2Mn0.2Cu0.2Ag0.2Zn0.2Cr2O4,0
Mg,Mn,Cu,Ag,Zn,Cu,Mg0.2Mn0.2Cu0.2Ag0.2Zn0.2Cu2O4,0
Mg,Mn,Cu,Ag,Zn,Fe,Mg0.2Mn0.2Cu0.2Ag0.2Zn0.2Fe2O4,1
Mg,Mn,Cu,Ag,Zn,V,Mg0.2Mn0.2Cu0.2Ag0.2Zn0.2V2O4,1
Mg,Mn,Cu,Ag,Zn,Ga,Mg0.2Mn0.2Cu0.2Ag0.2Zn0.2Ga2O4,1
Mg,Mn,Cu,Ag,Zn,In,Mg0.2Mn0.2Cu0.2Ag0.2Zn0.2In2O4,1
Mg,Mn,Cu,Ag,Zn,Mn,Mg0.2Mn0.2Cu0.2Ag0.2Zn0.2Mn2O4,0
Mg,Mn,Cu,Ag,Zn,Mo,Mg0.2Mn0.2Cu0.2Ag0.2Zn0.2Mo2O4,0
Mg,Mn,Cu,Ag,Zn,N,Mg0.2Mn0.2Cu0.2Ag0.2Zn0.2N2O4,0
Mg,Mn,Cu,Ag,Zn,Nb,Mg0.2Mn0.2Cu0.2Ag0.2Zn0.2Nb2O4,0
Mg,Mn,Cu,Ag,Zn,Ni,Mg0.2Mn0.2Cu0.2Ag0.2Zn0.2Ni2O4,0
Mg,Mn,Cu,Ag,Zn,Ru,Mg0.2Mn0.2Cu0.2Ag0.2Zn0.2Ru2O4,1
Mg,Mn,Cu,Fe,Ni,Ag,Mg0.2Mn0.2Cu0.2Fe0.2Ni0.2Ag2O4,1
Mg,Mn,Cu,Fe,Ni,Al,Mg0.2Mn0.2Cu0.2Fe0.2Ni0.2Al2O4,1
Mg,Mn,Cu,Fe,Ni,B,Mg0.2Mn0.2Cu0.2Fe0.2Ni0.2B2O4,0
Mg,Mn,Cu,Fe,Ni,Bi,Mg0.2Mn0.2Cu0.2Fe0.2Ni0.2Bi2O4,1
Mg,Mn,Cu,Fe,Ni,Ti,Mg0.2Mn0.2Cu0.2Fe0.2Ni0.2Ti2O4,1
Mg,Mn,Cu,Fe,Ni,Co,Mg0.2Mn0.2Cu0.2Fe0.2Ni0.2Co2O4,1
Mg,Mn,Cu,Fe,Ni,Cr,Mg0.2Mn0.2Cu0.2Fe0.2Ni0.2Cr2O4,0
Mg,Mn,Cu,Fe,Ni,Cu,Mg0.2Mn0.2Cu0.2Fe0.2Ni0.2Cu2O4,0
Mg,Mn,Cu,Fe,Ni,Fe,Mg0.2Mn0.2Cu0.2Fe0.2Ni0.2Fe2O4,1
Mg,Mn,Cu,Fe,Ni,V,Mg0.2Mn0.2Cu0.2Fe0.2Ni0.2V2O4,1
Mg,Mn,Cu,Fe,Ni,Ga,Mg0.2Mn0.2Cu0.2Fe0.2Ni0.2Ga2O4,1
Mg,Mn,Cu,Fe,Ni,In,Mg0.2Mn0.2Cu0.2Fe0.2Ni0.2In2O4,1
Mg,Mn,Cu,Fe,Ni,Mn,Mg0.2Mn0.2Cu0.2Fe0.2Ni0.2Mn2O4,0
Mg,Mn,Cu,Fe,Ni,Mo,Mg0.2Mn0.2Cu0.2Fe0.2Ni0.2Mo2O4,1
Mg,Mn,Cu,Fe,Ni,N,Mg0.2Mn0.2Cu0.2Fe0.2Ni0.2N2O4,0
Mg,Mn,Cu,Fe,Ni,Nb,Mg0.2Mn0.2Cu0.2Fe0.2Ni0.2Nb2O4,1
Mg,Mn,Cu,Fe,Ni,Ni,Mg0.2Mn0.2Cu0.2Fe0.2Ni0.2Ni2O4,0
Mg,Mn,Cu,Fe,Ni,Ru,Mg0.2Mn0.2Cu0.2Fe0.2Ni0.2Ru2O4,1
Mg,Mn,Cu,Fe,Co,Ag,Mg0.2Mn0.2Cu0.2Fe0.2Co0.2Ag2O4,1
Mg,Mn,Cu,Fe,Co,Al,Mg0.2Mn0.2Cu0.2Fe0.2Co0.2Al2O4,1
Mg,Mn,Cu,Fe,Co,B,Mg0.2Mn0.2Cu0.2Fe0.2Co0.2B2O4,0
Mg,Mn,Cu,Fe,Co,Bi,Mg0.2Mn0.2Cu0.2Fe0.2Co0.2Bi2O4,1
Mg,Mn,Cu,Fe,Co,Ti,Mg0.2Mn0.2Cu0.2Fe0.2Co0.2Ti2O4,1
Mg,Mn,Cu,Fe,Co,Co,Mg0.2Mn0.2Cu0.2Fe0.2Co0.2Co2O4,1
Mg,Mn,Cu,Fe,Co,Cr,Mg0.2Mn0.2Cu0.2Fe0.2Co0.2Cr2O4,0
Mg,Mn,Cu,Fe,Co,Cu,Mg0.2Mn0.2Cu0.2Fe0.2Co0.2Cu2O4,0
Mg,Mn,Cu,Fe,Co,Fe,Mg0.2Mn0.2Cu0.2Fe0.2Co0.2Fe2O4,1
Mg,Mn,Cu,Fe,Co,V,Mg0.2Mn0.2Cu0.2Fe0.2Co0.2V2O4,1
Mg,Mn,Cu,Fe,Co,Ga,Mg0.2Mn0.2Cu0.2Fe0.2Co0.2Ga2O4,1
Mg,Mn,Cu,Fe,Co,In,Mg0.2Mn0.2Cu0.2Fe0.2Co0.2In2O4,1
Mg,Mn,Cu,Fe,Co,Mn,Mg0.2Mn0.2Cu0.2Fe0.2Co0.2Mn2O4,1
Mg,Mn,Cu,Fe,Co,Mo,Mg0.2Mn0.2Cu0.2Fe0.2Co0.2Mo2O4,1
Mg,Mn,Cu,Fe,Co,N,Mg0.2Mn0.2Cu0.2Fe0.2Co0.2N2O4,0
Mg,Mn,Cu,Fe,Co,Nb,Mg0.2Mn0.2Cu0.2Fe0.2Co0.2Nb2O4,1
Mg,Mn,Cu,Fe,Co,Ni,Mg0.2Mn0.2Cu0.2Fe0.2Co0.2Ni2O4,0
Mg,Mn,Cu,Fe,Co,Ru,Mg0.2Mn0.2Cu0.2Fe0.2Co0.2Ru2O4,1
Mg,Mn,Cu,Fe,Zn,Ag,Mg0.2Mn0.2Cu0.2Fe0.2Zn0.2Ag2O4,1
Mg,Mn,Cu,Fe,Zn,Al,Mg0.2Mn0.2Cu0.2Fe0.2Zn0.2Al2O4,1
Mg,Mn,Cu,Fe,Zn,B,Mg0.2Mn0.2Cu0.2Fe0.2Zn0.2B2O4,0
Mg,Mn,Cu,Fe,Zn,Bi,Mg0.2Mn0.2Cu0.2Fe0.2Zn0.2Bi2O4,1
Mg,Mn,Cu,Fe,Zn,Ti,Mg0.2Mn0.2Cu0.2Fe0.2Zn0.2Ti2O4,1
Mg,Mn,Cu,Fe,Zn,Co,Mg0.2Mn0.2Cu0.2Fe0.2Zn0.2Co2O4,1
Mg,Mn,Cu,Fe,Zn,Cr,Mg0.2Mn0.2Cu0.2Fe0.2Zn0.2Cr2O4,0
Mg,Mn,Cu,Fe,Zn,Cu,Mg0.2Mn0.2Cu0.2Fe0.2Zn0.2Cu2O4,0
Mg,Mn,Cu,Fe,Zn,Fe,Mg0.2Mn0.2Cu0.2Fe0.2Zn0.2Fe2O4,1
Mg,Mn,Cu,Fe,Zn,V,Mg0.2Mn0.2Cu0.2Fe0.2Zn0.2V2O4,1
Mg,Mn,Cu,Fe,Zn,Ga,Mg0.2Mn0.2Cu0.2Fe0.2Zn0.2Ga2O4,1
Mg,Mn,Cu,Fe,Zn,In,Mg0.2Mn0.2Cu0.2Fe0.2Zn0.2In2O4,1
Mg,Mn,Cu,Fe,Zn,Mn,Mg0.2Mn0.2Cu0.2Fe0.2Zn0.2Mn2O4,1
Mg,Mn,Cu,Fe,Zn,Mo,Mg0.2Mn0.2Cu0.2Fe0.2Zn0.2Mo2O4,1
Mg,Mn,Cu,Fe,Zn,N,Mg0.2Mn0.2Cu0.2Fe0.2Zn0.2N2O4,0
Mg,Mn,Cu,Fe,Zn,Nb,Mg0.2Mn0.2Cu0.2Fe0.2Zn0.2Nb2O4,1
Mg,Mn,Cu,Fe,Zn,Ni,Mg0.2Mn0.2Cu0.2Fe0.2Zn0.2Ni2O4,0
Mg,Mn,Cu,Fe,Zn,Ru,Mg0.2Mn0.2Cu0.2Fe0.2Zn0.2Ru2O4,1
Mg,Mn,Cu,Ni,Co,Ag,Mg0.2Mn0.2Cu0.2Ni0.2Co0.2Ag2O4,1
Mg,Mn,Cu,Ni,Co,Al,Mg0.2Mn0.2Cu0.2Ni0.2Co0.2Al2O4,1
Mg,Mn,Cu,Ni,Co,B,Mg0.2Mn0.2Cu0.2Ni0.2Co0.2B2O4,0
Mg,Mn,Cu,Ni,Co,Bi,Mg0.2Mn0.2Cu0.2Ni0.2Co0.2Bi2O4,1
Mg,Mn,Cu,Ni,Co,Ti,Mg0.2Mn0.2Cu0.2Ni0.2Co0.2Ti2O4,1
Mg,Mn,Cu,Ni,Co,Co,Mg0.2Mn0.2Cu0.2Ni0.2Co0.2Co2O4,1
Mg,Mn,Cu,Ni,Co,Cr,Mg0.2Mn0.2Cu0.2Ni0.2Co0.2Cr2O4,0
Mg,Mn,Cu,Ni,Co,Cu,Mg0.2Mn0.2Cu0.2Ni0.2Co0.2Cu2O4,0
Mg,Mn,Cu,Ni,Co,Fe,Mg0.2Mn0.2Cu0.2Ni0.2Co0.2Fe2O4,1
Mg,Mn,Cu,Ni,Co,V,Mg0.2Mn0.2Cu0.2Ni0.2Co0.2V2O4,1
Mg,Mn,Cu,Ni,Co,Ga,Mg0.2Mn0.2Cu0.2Ni0.2Co0.2Ga2O4,1
Mg,Mn,Cu,Ni,Co,In,Mg0.2Mn0.2Cu0.2Ni0.2Co0.2In2O4,1
Mg,Mn,Cu,Ni,Co,Mn,Mg0.2Mn0.2Cu0.2Ni0.2Co0.2Mn2O4,1
Mg,Mn,Cu,Ni,Co,Mo,Mg0.2Mn0.2Cu0.2Ni0.2Co0.2Mo2O4,1
Mg,Mn,Cu,Ni,Co,N,Mg0.2Mn0.2Cu0.2Ni0.2Co0.2N2O4,0
Mg,Mn,Cu,Ni,Co,Nb,Mg0.2Mn0.2Cu0.2Ni0.2Co0.2Nb2O4,1
Mg,Mn,Cu,Ni,Co,Ni,Mg0.2Mn0.2Cu0.2Ni0.2Co0.2Ni2O4,0
Mg,Mn,Cu,Ni,Co,Ru,Mg0.2Mn0.2Cu0.2Ni0.2Co0.2Ru2O4,1
Mg,Mn,Cu,Ni,Zn,Ag,Mg0.2Mn0.2Cu0.2Ni0.2Zn0.2Ag2O4,1
Mg,Mn,Cu,Ni,Zn,Al,Mg0.2Mn0.2Cu0.2Ni0.2Zn0.2Al2O4,1
Mg,Mn,Cu,Ni,Zn,B,Mg0.2Mn0.2Cu0.2Ni0.2Zn0.2B2O4,0
Mg,Mn,Cu,Ni,Zn,Bi,Mg0.2Mn0.2Cu0.2Ni0.2Zn0.2Bi2O4,1
Mg,Mn,Cu,Ni,Zn,Ti,Mg0.2Mn0.2Cu0.2Ni0.2Zn0.2Ti2O4,1
Mg,Mn,Cu,Ni,Zn,Co,Mg0.2Mn0.2Cu0.2Ni0.2Zn0.2Co2O4,1
Mg,Mn,Cu,Ni,Zn,Cr,Mg0.2Mn0.2Cu0.2Ni0.2Zn0.2Cr2O4,0
Mg,Mn,Cu,Ni,Zn,Cu,Mg0.2Mn0.2Cu0.2Ni0.2Zn0.2Cu2O4,0
Mg,Mn,Cu,Ni,Zn,Fe,Mg0.2Mn0.2Cu0.2Ni0.2Zn0.2Fe2O4,1
Mg,Mn,Cu,Ni,Zn,V,Mg0.2Mn0.2Cu0.2Ni0.2Zn0.2V2O4,1
Mg,Mn,Cu,Ni,Zn,Ga,Mg0.2Mn0.2Cu0.2Ni0.2Zn0.2Ga2O4,1
Mg,Mn,Cu,Ni,Zn,In,Mg0.2Mn0.2Cu0.2Ni0.2Zn0.2In2O4,1
Mg,Mn,Cu,Ni,Zn,Mn,Mg0.2Mn0.2Cu0.2Ni0.2Zn0.2Mn2O4,1
Mg,Mn,Cu,Ni,Zn,Mo,Mg0.2Mn0.2Cu0.2Ni0.2Zn0.2Mo2O4,1
Mg,Mn,Cu,Ni,Zn,N,Mg0.2Mn0.2Cu0.2Ni0.2Zn0.2N2O4,0
Mg,Mn,Cu,Ni,Zn,Nb,Mg0.2Mn0.2Cu0.2Ni0.2Zn0.2Nb2O4,1
Mg,Mn,Cu,Ni,Zn,Ni,Mg0.2Mn0.2Cu0.2Ni0.2Zn0.2Ni2O4,0
Mg,Mn,Cu,Ni,Zn,Ru,Mg0.2Mn0.2Cu0.2Ni0.2Zn0.2Ru2O4,1
Mg,Mn,Cu,Co,Zn,Ag,Mg0.2Mn0.2Cu0.2Co0.2Zn0.2Ag2O4,1
Mg,Mn,Cu,Co,Zn,Al,Mg0.2Mn0.2Cu0.2Co0.2Zn0.2Al2O4,1
Mg,Mn,Cu,Co,Zn,B,Mg0.2Mn0.2Cu0.2Co0.2Zn0.2B2O4,0
Mg,Mn,Cu,Co,Zn,Bi,Mg0.2Mn0.2Cu0.2Co0.2Zn0.2Bi2O4,1
Mg,Mn,Cu,Co,Zn,Ti,Mg0.2Mn0.2Cu0.2Co0.2Zn0.2Ti2O4,1
Mg,Mn,Cu,Co,Zn,Co,Mg0.2Mn0.2Cu0.2Co0.2Zn0.2Co2O4,1
Mg,Mn,Cu,Co,Zn,Cr,Mg0.2Mn0.2Cu0.2Co0.2Zn0.2Cr2O4,0
Mg,Mn,Cu,Co,Zn,Cu,Mg0.2Mn0.2Cu0.2Co0.2Zn0.2Cu2O4,0
Mg,Mn,Cu,Co,Zn,Fe,Mg0.2Mn0.2Cu0.2Co0.2Zn0.2Fe2O4,1
Mg,Mn,Cu,Co,Zn,V,Mg0.2Mn0.2Cu0.2Co0.2Zn0.2V2O4,1
Mg,Mn,Cu,Co,Zn,Ga,Mg0.2Mn0.2Cu0.2Co0.2Zn0.2Ga2O4,1
Mg,Mn,Cu,Co,Zn,In,Mg0.2Mn0.2Cu0.2Co0.2Zn0.2In2O4,1
Mg,Mn,Cu,Co,Zn,Mn,Mg0.2Mn0.2Cu0.2Co0.2Zn0.2Mn2O4,1
Mg,Mn,Cu,Co,Zn,Mo,Mg0.2Mn0.2Cu0.2Co0.2Zn0.2Mo2O4,1
Mg,Mn,Cu,Co,Zn,N,Mg0.2Mn0.2Cu0.2Co0.2Zn0.2N2O4,0
Mg,Mn,Cu,Co,Zn,Nb,Mg0.2Mn0.2Cu0.2Co0.2Zn0.2Nb2O4,1
Mg,Mn,Cu,Co,Zn,Ni,Mg0.2Mn0.2Cu0.2Co0.2Zn0.2Ni2O4,0
Mg,Mn,Cu,Co,Zn,Ru,Mg0.2Mn0.2Cu0.2Co0.2Zn0.2Ru2O4,1
Mg,Mn,Ag,Fe,Ni,Ag,Mg0.2Mn0.2Ag0.2Fe0.2Ni0.2Ag2O4,0
Mg,Mn,Ag,Fe,Ni,Al,Mg0.2Mn0.2Ag0.2Fe0.2Ni0.2Al2O4,1
Mg,Mn,Ag,Fe,Ni,B,Mg0.2Mn0.2Ag0.2Fe0.2Ni0.2B2O4,0
Mg,Mn,Ag,Fe,Ni,Bi,Mg0.2Mn0.2Ag0.2Fe0.2Ni0.2Bi2O4,1
Mg,Mn,Ag,Fe,Ni,Ti,Mg0.2Mn0.2Ag0.2Fe0.2Ni0.2Ti2O4,0
Mg,Mn,Ag,Fe,Ni,Co,Mg0.2Mn0.2Ag0.2Fe0.2Ni0.2Co2O4,0
Mg,Mn,Ag,Fe,Ni,Cr,Mg0.2Mn0.2Ag0.2Fe0.2Ni0.2Cr2O4,0
Mg,Mn,Ag,Fe,Ni,Cu,Mg0.2Mn0.2Ag0.2Fe0.2Ni0.2Cu2O4,0
Mg,Mn,Ag,Fe,Ni,Fe,Mg0.2Mn0.2Ag0.2Fe0.2Ni0.2Fe2O4,0
Mg,Mn,Ag,Fe,Ni,V,Mg0.2Mn0.2Ag0.2Fe0.2Ni0.2V2O4,0
Mg,Mn,Ag,Fe,Ni,Ga,Mg0.2Mn0.2Ag0.2Fe0.2Ni0.2Ga2O4,1
Mg,Mn,Ag,Fe,Ni,In,Mg0.2Mn0.2Ag0.2Fe0.2Ni0.2In2O4,1
Mg,Mn,Ag,Fe,Ni,Mn,Mg0.2Mn0.2Ag0.2Fe0.2Ni0.2Mn2O4,0
Mg,Mn,Ag,Fe,Ni,Mo,Mg0.2Mn0.2Ag0.2Fe0.2Ni0.2Mo2O4,0
Mg,Mn,Ag,Fe,Ni,N,Mg0.2Mn0.2Ag0.2Fe0.2Ni0.2N2O4,0
Mg,Mn,Ag,Fe,Ni,Nb,Mg0.2Mn0.2Ag0.2Fe0.2Ni0.2Nb2O4,0
Mg,Mn,Ag,Fe,Ni,Ni,Mg0.2Mn0.2Ag0.2Fe0.2Ni0.2Ni2O4,0
Mg,Mn,Ag,Fe,Ni,Ru,Mg0.2Mn0.2Ag0.2Fe0.2Ni0.2Ru2O4,1
Mg,Mn,Ag,Fe,Co,Ag,Mg0.2Mn0.2Ag0.2Fe0.2Co0.2Ag2O4,1
Mg,Mn,Ag,Fe,Co,Al,Mg0.2Mn0.2Ag0.2Fe0.2Co0.2Al2O4,1
Mg,Mn,Ag,Fe,Co,B,Mg0.2Mn0.2Ag0.2Fe0.2Co0.2B2O4,0
Mg,Mn,Ag,Fe,Co,Bi,Mg0.2Mn0.2Ag0.2Fe0.2Co0.2Bi2O4,1
Mg,Mn,Ag,Fe,Co,Ti,Mg0.2Mn0.2Ag0.2Fe0.2Co0.2Ti2O4,1
Mg,Mn,Ag,Fe,Co,Co,Mg0.2Mn0.2Ag0.2Fe0.2Co0.2Co2O4,0
Mg,Mn,Ag,Fe,Co,Cr,Mg0.2Mn0.2Ag0.2Fe0.2Co0.2Cr2O4,0
Mg,Mn,Ag,Fe,Co,Cu,Mg0.2Mn0.2Ag0.2Fe0.2Co0.2Cu2O4,0
Mg,Mn,Ag,Fe,Co,Fe,Mg0.2Mn0.2Ag0.2Fe0.2Co0.2Fe2O4,0
Mg,Mn,Ag,Fe,Co,V,Mg0.2Mn0.2Ag0.2Fe0.2Co0.2V2O4,0
Mg,Mn,Ag,Fe,Co,Ga,Mg0.2Mn0.2Ag0.2Fe0.2Co0.2Ga2O4,1
Mg,Mn,Ag,Fe,Co,In,Mg0.2Mn0.2Ag0.2Fe0.2Co0.2In2O4,1
Mg,Mn,Ag,Fe,Co,Mn,Mg0.2Mn0.2Ag0.2Fe0.2Co0.2Mn2O4,0
Mg,Mn,Ag,Fe,Co,Mo,Mg0.2Mn0.2Ag0.2Fe0.2Co0.2Mo2O4,0
Mg,Mn,Ag,Fe,Co,N,Mg0.2Mn0.2Ag0.2Fe0.2Co0.2N2O4,0
Mg,Mn,Ag,Fe,Co,Nb,Mg0.2Mn0.2Ag0.2Fe0.2Co0.2Nb2O4,0
Mg,Mn,Ag,Fe,Co,Ni,Mg0.2Mn0.2Ag0.2Fe0.2Co0.2Ni2O4,0
Mg,Mn,Ag,Fe,Co,Ru,Mg0.2Mn0.2Ag0.2Fe0.2Co0.2Ru2O4,1
Mg,Mn,Ag,Fe,Zn,Ag,Mg0.2Mn0.2Ag0.2Fe0.2Zn0.2Ag2O4,1
Mg,Mn,Ag,Fe,Zn,Al,Mg0.2Mn0.2Ag0.2Fe0.2Zn0.2Al2O4,1
Mg,Mn,Ag,Fe,Zn,B,Mg0.2Mn0.2Ag0.2Fe0.2Zn0.2B2O4,0
Mg,Mn,Ag,Fe,Zn,Bi,Mg0.2Mn0.2Ag0.2Fe0.2Zn0.2Bi2O4,1
Mg,Mn,Ag,Fe,Zn,Ti,Mg0.2Mn0.2Ag0.2Fe0.2Zn0.2Ti2O4,1
Mg,Mn,Ag,Fe,Zn,Co,Mg0.2Mn0.2Ag0.2Fe0.2Zn0.2Co2O4,1
Mg,Mn,Ag,Fe,Zn,Cr,Mg0.2Mn0.2Ag0.2Fe0.2Zn0.2Cr2O4,0
Mg,Mn,Ag,Fe,Zn,Cu,Mg0.2Mn0.2Ag0.2Fe0.2Zn0.2Cu2O4,0
Mg,Mn,Ag,Fe,Zn,Fe,Mg0.2Mn0.2Ag0.2Fe0.2Zn0.2Fe2O4,1
Mg,Mn,Ag,Fe,Zn,V,Mg0.2Mn0.2Ag0.2Fe0.2Zn0.2V2O4,1
Mg,Mn,Ag,Fe,Zn,Ga,Mg0.2Mn0.2Ag0.2Fe0.2Zn0.2Ga2O4,1
Mg,Mn,Ag,Fe,Zn,In,Mg0.2Mn0.2Ag0.2Fe0.2Zn0.2In2O4,1
Mg,Mn,Ag,Fe,Zn,Mn,Mg0.2Mn0.2Ag0.2Fe0.2Zn0.2Mn2O4,0
Mg,Mn,Ag,Fe,Zn,Mo,Mg0.2Mn0.2Ag0.2Fe0.2Zn0.2Mo2O4,0
Mg,Mn,Ag,Fe,Zn,N,Mg0.2Mn0.2Ag0.2Fe0.2Zn0.2N2O4,0
Mg,Mn,Ag,Fe,Zn,Nb,Mg0.2Mn0.2Ag0.2Fe0.2Zn0.2Nb2O4,0
Mg,Mn,Ag,Fe,Zn,Ni,Mg0.2Mn0.2Ag0.2Fe0.2Zn0.2Ni2O4,0
Mg,Mn,Ag,Fe,Zn,Ru,Mg0.2Mn0.2Ag0.2Fe0.2Zn0.2Ru2O4,1
Mg,Mn,Ag,Ni,Co,Ag,Mg0.2Mn0.2Ag0.2Ni0.2Co0.2Ag2O4,1
Mg,Mn,Ag,Ni,Co,Al,Mg0.2Mn0.2Ag0.2Ni0.2Co0.2Al2O4,1
Mg,Mn,Ag,Ni,Co,B,Mg0.2Mn0.2Ag0.2Ni0.2Co0.2B2O4,0
Mg,Mn,Ag,Ni,Co,Bi,Mg0.2Mn0.2Ag0.2Ni0.2Co0.2Bi2O4,1
Mg,Mn,Ag,Ni,Co,Ti,Mg0.2Mn0.2Ag0.2Ni0.2Co0.2Ti2O4,1
Mg,Mn,Ag,Ni,Co,Co,Mg0.2Mn0.2Ag0.2Ni0.2Co0.2Co2O4,0
Mg,Mn,Ag,Ni,Co,Cr,Mg0.2Mn0.2Ag0.2Ni0.2Co0.2Cr2O4,0
Mg,Mn,Ag,Ni,Co,Cu,Mg0.2Mn0.2Ag0.2Ni0.2Co0.2Cu2O4,0
Mg,Mn,Ag,Ni,Co,Fe,Mg0.2Mn0.2Ag0.2Ni0.2Co0.2Fe2O4,0
Mg,Mn,Ag,Ni,Co,V,Mg0.2Mn0.2Ag0.2Ni0.2Co0.2V2O4,0
Mg,Mn,Ag,Ni,Co,Ga,Mg0.2Mn0.2Ag0.2Ni0.2Co0.2Ga2O4,1
Mg,Mn,Ag,Ni,Co,In,Mg0.2Mn0.2Ag0.2Ni0.2Co0.2In2O4,1
Mg,Mn,Ag,Ni,Co,Mn,Mg0.2Mn0.2Ag0.2Ni0.2Co0.2Mn2O4,0
Mg,Mn,Ag,Ni,Co,Mo,Mg0.2Mn0.2Ag0.2Ni0.2Co0.2Mo2O4,0
Mg,Mn,Ag,Ni,Co,N,Mg0.2Mn0.2Ag0.2Ni0.2Co0.2N2O4,0
Mg,Mn,Ag,Ni,Co,Nb,Mg0.2Mn0.2Ag0.2Ni0.2Co0.2Nb2O4,0
Mg,Mn,Ag,Ni,Co,Ni,Mg0.2Mn0.2Ag0.2Ni0.2Co0.2Ni2O4,0
Mg,Mn,Ag,Ni,Co,Ru,Mg0.2Mn0.2Ag0.2Ni0.2Co0.2Ru2O4,1
Mg,Mn,Ag,Ni,Zn,Ag,Mg0.2Mn0.2Ag0.2Ni0.2Zn0.2Ag2O4,1
Mg,Mn,Ag,Ni,Zn,Al,Mg0.2Mn0.2Ag0.2Ni0.2Zn0.2Al2O4,1
Mg,Mn,Ag,Ni,Zn,B,Mg0.2Mn0.2Ag0.2Ni0.2Zn0.2B2O4,0
Mg,Mn,Ag,Ni,Zn,Bi,Mg0.2Mn0.2Ag0.2Ni0.2Zn0.2Bi2O4,1
Mg,Mn,Ag,Ni,Zn,Ti,Mg0.2Mn0.2Ag0.2Ni0.2Zn0.2Ti2O4,1
Mg,Mn,Ag,Ni,Zn,Co,Mg0.2Mn0.2Ag0.2Ni0.2Zn0.2Co2O4,1
Mg,Mn,Ag,Ni,Zn,Cr,Mg0.2Mn0.2Ag0.2Ni0.2Zn0.2Cr2O4,0
Mg,Mn,Ag,Ni,Zn,Cu,Mg0.2Mn0.2Ag0.2Ni0.2Zn0.2Cu2O4,0
Mg,Mn,Ag,Ni,Zn,Fe,Mg0.2Mn0.2Ag0.2Ni0.2Zn0.2Fe2O4,1
Mg,Mn,Ag,Ni,Zn,V,Mg0.2Mn0.2Ag0.2Ni0.2Zn0.2V2O4,1
Mg,Mn,Ag,Ni,Zn,Ga,Mg0.2Mn0.2Ag0.2Ni0.2Zn0.2Ga2O4,1
Mg,Mn,Ag,Ni,Zn,In,Mg0.2Mn0.2Ag0.2Ni0.2Zn0.2In2O4,1
Mg,Mn,Ag,Ni,Zn,Mn,Mg0.2Mn0.2Ag0.2Ni0.2Zn0.2Mn2O4,0
Mg,Mn,Ag,Ni,Zn,Mo,Mg0.2Mn0.2Ag0.2Ni0.2Zn0.2Mo2O4,0
Mg,Mn,Ag,Ni,Zn,N,Mg0.2Mn0.2Ag0.2Ni0.2Zn0.2N2O4,0
Mg,Mn,Ag,Ni,Zn,Nb,Mg0.2Mn0.2Ag0.2Ni0.2Zn0.2Nb2O4,0
Mg,Mn,Ag,Ni,Zn,Ni,Mg0.2Mn0.2Ag0.2Ni0.2Zn0.2Ni2O4,0
Mg,Mn,Ag,Ni,Zn,Ru,Mg0.2Mn0.2Ag0.2Ni0.2Zn0.2Ru2O4,1
Mg,Mn,Ag,Co,Zn,Ag,Mg0.2Mn0.2Ag0.2Co0.2Zn0.2Ag2O4,1
Mg,Mn,Ag,Co,Zn,Al,Mg0.2Mn0.2Ag0.2Co0.2Zn0.2Al2O4,1
Mg,Mn,Ag,Co,Zn,B,Mg0.2Mn0.2Ag0.2Co0.2Zn0.2B2O4,0
Mg,Mn,Ag,Co,Zn,Bi,Mg0.2Mn0.2Ag0.2Co0.2Zn0.2Bi2O4,1
Mg,Mn,Ag,Co,Zn,Ti,Mg0.2Mn0.2Ag0.2Co0.2Zn0.2Ti2O4,1
Mg,Mn,Ag,Co,Zn,Co,Mg0.2Mn0.2Ag0.2Co0.2Zn0.2Co2O4,1
Mg,Mn,Ag,Co,Zn,Cr,Mg0.2Mn0.2Ag0.2Co0.2Zn0.2Cr2O4,0
Mg,Mn,Ag,Co,Zn,Cu,Mg0.2Mn0.2Ag0.2Co0.2Zn0.2Cu2O4,0
Mg,Mn,Ag,Co,Zn,Fe,Mg0.2Mn0.2Ag0.2Co0.2Zn0.2Fe2O4,1
Mg,Mn,Ag,Co,Zn,V,Mg0.2Mn0.2Ag0.2Co0.2Zn0.2V2O4,1
Mg,Mn,Ag,Co,Zn,Ga,Mg0.2Mn0.2Ag0.2Co0.2Zn0.2Ga2O4,1
Mg,Mn,Ag,Co,Zn,In,Mg0.2Mn0.2Ag0.2Co0.2Zn0.2In2O4,1
Mg,Mn,Ag,Co,Zn,Mn,Mg0.2Mn0.2Ag0.2Co0.2Zn0.2Mn2O4,0
Mg,Mn,Ag,Co,Zn,Mo,Mg0.2Mn0.2Ag0.2Co0.2Zn0.2Mo2O4,0
Mg,Mn,Ag,Co,Zn,N,Mg0.2Mn0.2Ag0.2Co0.2Zn0.2N2O4,0
Mg,Mn,Ag,Co,Zn,Nb,Mg0.2Mn0.2Ag0.2Co0.2Zn0.2Nb2O4,0
Mg,Mn,Ag,Co,Zn,Ni,Mg0.2Mn0.2Ag0.2Co0.2Zn0.2Ni2O4,0
Mg,Mn,Ag,Co,Zn,Ru,Mg0.2Mn0.2Ag0.2Co0.2Zn0.2Ru2O4,1
Mg,Mn,Fe,Ni,Co,Ag,Mg0.2Mn0.2Fe0.2Ni0.2Co0.2Ag2O4,1
Mg,Mn,Fe,Ni,Co,Al,Mg0.2Mn0.2Fe0.2Ni0.2Co0.2Al2O4,1
Mg,Mn,Fe,Ni,Co,B,Mg0.2Mn0.2Fe0.2Ni0.2Co0.2B2O4,0
Mg,Mn,Fe,Ni,Co,Bi,Mg0.2Mn0.2Fe0.2Ni0.2Co0.2Bi2O4,1
Mg,Mn,Fe,Ni,Co,Ti,Mg0.2Mn0.2Fe0.2Ni0.2Co0.2Ti2O4,1
Mg,Mn,Fe,Ni,Co,Co,Mg0.2Mn0.2Fe0.2Ni0.2Co0.2Co2O4,1
Mg,Mn,Fe,Ni,Co,Cr,Mg0.2Mn0.2Fe0.2Ni0.2Co0.2Cr2O4,0
Mg,Mn,Fe,Ni,Co,Cu,Mg0.2Mn0.2Fe0.2Ni0.2Co0.2Cu2O4,0
Mg,Mn,Fe,Ni,Co,Fe,Mg0.2Mn0.2Fe0.2Ni0.2Co0.2Fe2O4,1
Mg,Mn,Fe,Ni,Co,V,Mg0.2Mn0.2Fe0.2Ni0.2Co0.2V2O4,1
Mg,Mn,Fe,Ni,Co,Ga,Mg0.2Mn0.2Fe0.2Ni0.2Co0.2Ga2O4,1
Mg,Mn,Fe,Ni,Co,In,Mg0.2Mn0.2Fe0.2Ni0.2Co0.2In2O4,1
Mg,Mn,Fe,Ni,Co,Mn,Mg0.2Mn0.2Fe0.2Ni0.2Co0.2Mn2O4,1
Mg,Mn,Fe,Ni,Co,Mo,Mg0.2Mn0.2Fe0.2Ni0.2Co0.2Mo2O4,1
Mg,Mn,Fe,Ni,Co,N,Mg0.2Mn0.2Fe0.2Ni0.2Co0.2N2O4,0
Mg,Mn,Fe,Ni,Co,Nb,Mg0.2Mn0.2Fe0.2Ni0.2Co0.2Nb2O4,1
Mg,Mn,Fe,Ni,Co,Ni,Mg0.2Mn0.2Fe0.2Ni0.2Co0.2Ni2O4,0
Mg,Mn,Fe,Ni,Co,Ru,Mg0.2Mn0.2Fe0.2Ni0.2Co0.2Ru2O4,1
Mg,Mn,Fe,Ni,Zn,Ag,Mg0.2Mn0.2Fe0.2Ni0.2Zn0.2Ag2O4,1
Mg,Mn,Fe,Ni,Zn,Al,Mg0.2Mn0.2Fe0.2Ni0.2Zn0.2Al2O4,1
Mg,Mn,Fe,Ni,Zn,B,Mg0.2Mn0.2Fe0.2Ni0.2Zn0.2B2O4,0
Mg,Mn,Fe,Ni,Zn,Bi,Mg0.2Mn0.2Fe0.2Ni0.2Zn0.2Bi2O4,1
Mg,Mn,Fe,Ni,Zn,Ti,Mg0.2Mn0.2Fe0.2Ni0.2Zn0.2Ti2O4,1
Mg,Mn,Fe,Ni,Zn,Co,Mg0.2Mn0.2Fe0.2Ni0.2Zn0.2Co2O4,1
Mg,Mn,Fe,Ni,Zn,Cr,Mg0.2Mn0.2Fe0.2Ni0.2Zn0.2Cr2O4,0
Mg,Mn,Fe,Ni,Zn,Cu,Mg0.2Mn0.2Fe0.2Ni0.2Zn0.2Cu2O4,0
Mg,Mn,Fe,Ni,Zn,Fe,Mg0.2Mn0.2Fe0.2Ni0.2Zn0.2Fe2O4,1
Mg,Mn,Fe,Ni,Zn,V,Mg0.2Mn0.2Fe0.2Ni0.2Zn0.2V2O4,1
Mg,Mn,Fe,Ni,Zn,Ga,Mg0.2Mn0.2Fe0.2Ni0.2Zn0.2Ga2O4,1
Mg,Mn,Fe,Ni,Zn,In,Mg0.2Mn0.2Fe0.2Ni0.2Zn0.2In2O4,1
Mg,Mn,Fe,Ni,Zn,Mn,Mg0.2Mn0.2Fe0.2Ni0.2Zn0.2Mn2O4,1
Mg,Mn,Fe,Ni,Zn,Mo,Mg0.2Mn0.2Fe0.2Ni0.2Zn0.2Mo2O4,1
Mg,Mn,Fe,Ni,Zn,N,Mg0.2Mn0.2Fe0.2Ni0.2Zn0.2N2O4,0
Mg,Mn,Fe,Ni,Zn,Nb,Mg0.2Mn0.2Fe0.2Ni0.2Zn0.2Nb2O4,1
Mg,Mn,Fe,Ni,Zn,Ni,Mg0.2Mn0.2Fe0.2Ni0.2Zn0.2Ni2O4,0
Mg,Mn,Fe,Ni,Zn,Ru,Mg0.2Mn0.2Fe0.2Ni0.2Zn0.2Ru2O4,1
Mg,Mn,Fe,Co,Zn,Ag,Mg0.2Mn0.2Fe0.2Co0.2Zn0.2Ag2O4,1
Mg,Mn,Fe,Co,Zn,Al,Mg0.2Mn0.2Fe0.2Co0.2Zn0.2Al2O4,1
Mg,Mn,Fe,Co,Zn,B,Mg0.2Mn0.2Fe0.2Co0.2Zn0.2B2O4,0
Mg,Mn,Fe,Co,Zn,Bi,Mg0.2Mn0.2Fe0.2Co0.2Zn0.2Bi2O4,1
Mg,Mn,Fe,Co,Zn,Ti,Mg0.2Mn0.2Fe0.2Co0.2Zn0.2Ti2O4,1
Mg,Mn,Fe,Co,Zn,Co,Mg0.2Mn0.2Fe0.2Co0.2Zn0.2Co2O4,1
Mg,Mn,Fe,Co,Zn,Cr,Mg0.2Mn0.2Fe0.2Co0.2Zn0.2Cr2O4,0
Mg,Mn,Fe,Co,Zn,Cu,Mg0.2Mn0.2Fe0.2Co0.2Zn0.2Cu2O4,0
Mg,Mn,Fe,Co,Zn,Fe,Mg0.2Mn0.2Fe0.2Co0.2Zn0.2Fe2O4,1
Mg,Mn,Fe,Co,Zn,V,Mg0.2Mn0.2Fe0.2Co0.2Zn0.2V2O4,1
Mg,Mn,Fe,Co,Zn,Ga,Mg0.2Mn0.2Fe0.2Co0.2Zn0.2Ga2O4,1
Mg,Mn,Fe,Co,Zn,In,Mg0.2Mn0.2Fe0.2Co0.2Zn0.2In2O4,1
Mg,Mn,Fe,Co,Zn,Mn,Mg0.2Mn0.2Fe0.2Co0.2Zn0.2Mn2O4,1
Mg,Mn,Fe,Co,Zn,Mo,Mg0.2Mn0.2Fe0.2Co0.2Zn0.2Mo2O4,1
Mg,Mn,Fe,Co,Zn,N,Mg0.2Mn0.2Fe0.2Co0.2Zn0.2N2O4,0
Mg,Mn,Fe,Co,Zn,Nb,Mg0.2Mn0.2Fe0.2Co0.2Zn0.2Nb2O4,1
Mg,Mn,Fe,Co,Zn,Ni,Mg0.2Mn0.2Fe0.2Co0.2Zn0.2Ni2O4,0
Mg,Mn,Fe,Co,Zn,Ru,Mg0.2Mn0.2Fe0.2Co0.2Zn0.2Ru2O4,1
Mg,Mn,Ni,Co,Zn,Ag,Mg0.2Mn0.2Ni0.2Co0.2Zn0.2Ag2O4,1
Mg,Mn,Ni,Co,Zn,Al,Mg0.2Mn0.2Ni0.2Co0.2Zn0.2Al2O4,1
Mg,Mn,Ni,Co,Zn,B,Mg0.2Mn0.2Ni0.2Co0.2Zn0.2B2O4,0
Mg,Mn,Ni,Co,Zn,Bi,Mg0.2Mn0.2Ni0.2Co0.2Zn0.2Bi2O4,1
Mg,Mn,Ni,Co,Zn,Ti,Mg0.2Mn0.2Ni0.2Co0.2Zn0.2Ti2O4,1
Mg,Mn,Ni,Co,Zn,Co,Mg0.2Mn0.2Ni0.2Co0.2Zn0.2Co2O4,1
Mg,Mn,Ni,Co,Zn,Cr,Mg0.2Mn0.2Ni0.2Co0.2Zn0.2Cr2O4,0
Mg,Mn,Ni,Co,Zn,Cu,Mg0.2Mn0.2Ni0.2Co0.2Zn0.2Cu2O4,0
Mg,Mn,Ni,Co,Zn,Fe,Mg0.2Mn0.2Ni0.2Co0.2Zn0.2Fe2O4,1
Mg,Mn,Ni,Co,Zn,V,Mg0.2Mn0.2Ni0.2Co0.2Zn0.2V2O4,1
Mg,Mn,Ni,Co,Zn,Ga,Mg0.2Mn0.2Ni0.2Co0.2Zn0.2Ga2O4,1
Mg,Mn,Ni,Co,Zn,In,Mg0.2Mn0.2Ni0.2Co0.2Zn0.2In2O4,1
Mg,Mn,Ni,Co,Zn,Mn,Mg0.2Mn0.2Ni0.2Co0.2Zn0.2Mn2O4,1
Mg,Mn,Ni,Co,Zn,Mo,Mg0.2Mn0.2Ni0.2Co0.2Zn0.2Mo2O4,1
Mg,Mn,Ni,Co,Zn,N,Mg0.2Mn0.2Ni0.2Co0.2Zn0.2N2O4,0
Mg,Mn,Ni,Co,Zn,Nb,Mg0.2Mn0.2Ni0.2Co0.2Zn0.2Nb2O4,1
Mg,Mn,Ni,Co,Zn,Ni,Mg0.2Mn0.2Ni0.2Co0.2Zn0.2Ni2O4,0
Mg,Mn,Ni,Co,Zn,Ru,Mg0.2Mn0.2Ni0.2Co0.2Zn0.2Ru2O4,1
Mg,Cu,Ag,Fe,Ni,Ag,Mg0.2Cu0.2Ag0.2Fe0.2Ni0.2Ag2O4,1
Mg,Cu,Ag,Fe,Ni,Al,Mg0.2Cu0.2Ag0.2Fe0.2Ni0.2Al2O4,1
Mg,Cu,Ag,Fe,Ni,B,Mg0.2Cu0.2Ag0.2Fe0.2Ni0.2B2O4,0
Mg,Cu,Ag,Fe,Ni,Bi,Mg0.2Cu0.2Ag0.2Fe0.2Ni0.2Bi2O4,1
Mg,Cu,Ag,Fe,Ni,Ti,Mg0.2Cu0.2Ag0.2Fe0.2Ni0.2Ti2O4,1
Mg,Cu,Ag,Fe,Ni,Co,Mg0.2Cu0.2Ag0.2Fe0.2Ni0.2Co2O4,0
Mg,Cu,Ag,Fe,Ni,Cr,Mg0.2Cu0.2Ag0.2Fe0.2Ni0.2Cr2O4,0
Mg,Cu,Ag,Fe,Ni,Cu,Mg0.2Cu0.2Ag0.2Fe0.2Ni0.2Cu2O4,0
Mg,Cu,Ag,Fe,Ni,Fe,Mg0.2Cu0.2Ag0.2Fe0.2Ni0.2Fe2O4,0
Mg,Cu,Ag,Fe,Ni,V,Mg0.2Cu0.2Ag0.2Fe0.2Ni0.2V2O4,0
Mg,Cu,Ag,Fe,Ni,Ga,Mg0.2Cu0.2Ag0.2Fe0.2Ni0.2Ga2O4,1
Mg,Cu,Ag,Fe,Ni,In,Mg0.2Cu0.2Ag0.2Fe0.2Ni0.2In2O4,1
Mg,Cu,Ag,Fe,Ni,Mn,Mg0.2Cu0.2Ag0.2Fe0.2Ni0.2Mn2O4,0
Mg,Cu,Ag,Fe,Ni,Mo,Mg0.2Cu0.2Ag0.2Fe0.2Ni0.2Mo2O4,0
Mg,Cu,Ag,Fe,Ni,N,Mg0.2Cu0.2Ag0.2Fe0.2Ni0.2N2O4,0
Mg,Cu,Ag,Fe,Ni,Nb,Mg0.2Cu0.2Ag0.2Fe0.2Ni0.2Nb2O4,0
Mg,Cu,Ag,Fe,Ni,Ni,Mg0.2Cu0.2Ag0.2Fe0.2Ni0.2Ni2O4,0
Mg,Cu,Ag,Fe,Ni,Ru,Mg0.2Cu0.2Ag0.2Fe0.2Ni0.2Ru2O4,1
Mg,Cu,Ag,Fe,Co,Ag,Mg0.2Cu0.2Ag0.2Fe0.2Co0.2Ag2O4,1
Mg,Cu,Ag,Fe,Co,Al,Mg0.2Cu0.2Ag0.2Fe0.2Co0.2Al2O4,1
Mg,Cu,Ag,Fe,Co,B,Mg0.2Cu0.2Ag0.2Fe0.2Co0.2B2O4,0
Mg,Cu,Ag,Fe,Co,Bi,Mg0.2Cu0.2Ag0.2Fe0.2Co0.2Bi2O4,1
Mg,Cu,Ag,Fe,Co,Ti,Mg0.2Cu0.2Ag0.2Fe0.2Co0.2Ti2O4,1
Mg,Cu,Ag,Fe,Co,Co,Mg0.2Cu0.2Ag0.2Fe0.2Co0.2Co2O4,0
Mg,Cu,Ag,Fe,Co,Cr,Mg0.2Cu0.2Ag0.2Fe0.2Co0.2Cr2O4,0
Mg,Cu,Ag,Fe,Co,Cu,Mg0.2Cu0.2Ag0.2Fe0.2Co0.2Cu2O4,0
Mg,Cu,Ag,Fe,Co,Fe,Mg0.2Cu0.2Ag0.2Fe0.2Co0.2Fe2O4,0
Mg,Cu,Ag,Fe,Co,V,Mg0.2Cu0.2Ag0.2Fe0.2Co0.2V2O4,0
Mg,Cu,Ag,Fe,Co,Ga,Mg0.2Cu0.2Ag0.2Fe0.2Co0.2Ga2O4,1
Mg,Cu,Ag,Fe,Co,In,Mg0.2Cu0.2Ag0.2Fe0.2Co0.2In2O4,1
Mg,Cu,Ag,Fe,Co,Mn,Mg0.2Cu0.2Ag0.2Fe0.2Co0.2Mn2O4,0
Mg,Cu,Ag,Fe,Co,Mo,Mg0.2Cu0.2Ag0.2Fe0.2Co0.2Mo2O4,0
Mg,Cu,Ag,Fe,Co,N,Mg0.2Cu0.2Ag0.2Fe0.2Co0.2N2O4,0
Mg,Cu,Ag,Fe,Co,Nb,Mg0.2Cu0.2Ag0.2Fe0.2Co0.2Nb2O4,0
Mg,Cu,Ag,Fe,Co,Ni,Mg0.2Cu0.2Ag0.2Fe0.2Co0.2Ni2O4,0
Mg,Cu,Ag,Fe,Co,Ru,Mg0.2Cu0.2Ag0.2Fe0.2Co0.2Ru2O4,1
Mg,Cu,Ag,Fe,Zn,Ag,Mg0.2Cu0.2Ag0.2Fe0.2Zn0.2Ag2O4,1
Mg,Cu,Ag,Fe,Zn,Al,Mg0.2Cu0.2Ag0.2Fe0.2Zn0.2Al2O4,1
Mg,Cu,Ag,Fe,Zn,B,Mg0.2Cu0.2Ag0.2Fe0.2Zn0.2B2O4,0
Mg,Cu,Ag,Fe,Zn,Bi,Mg0.2Cu0.2Ag0.2Fe0.2Zn0.2Bi2O4,1
Mg,Cu,Ag,Fe,Zn,Ti,Mg0.2Cu0.2Ag0.2Fe0.2Zn0.2Ti2O4,1
Mg,Cu,Ag,Fe,Zn,Co,Mg0.2Cu0.2Ag0.2Fe0.2Zn0.2Co2O4,1
Mg,Cu,Ag,Fe,Zn,Cr,Mg0.2Cu0.2Ag0.2Fe0.2Zn0.2Cr2O4,0
Mg,Cu,Ag,Fe,Zn,Cu,Mg0.2Cu0.2Ag0.2Fe0.2Zn0.2Cu2O4,0
Mg,Cu,Ag,Fe,Zn,Fe,Mg0.2Cu0.2Ag0.2Fe0.2Zn0.2Fe2O4,1
Mg,Cu,Ag,Fe,Zn,V,Mg0.2Cu0.2Ag0.2Fe0.2Zn0.2V2O4,1
Mg,Cu,Ag,Fe,Zn,Ga,Mg0.2Cu0.2Ag0.2Fe0.2Zn0.2Ga2O4,1
Mg,Cu,Ag,Fe,Zn,In,Mg0.2Cu0.2Ag0.2Fe0.2Zn0.2In2O4,1
Mg,Cu,Ag,Fe,Zn,Mn,Mg0.2Cu0.2Ag0.2Fe0.2Zn0.2Mn2O4,0
Mg,Cu,Ag,Fe,Zn,Mo,Mg0.2Cu0.2Ag0.2Fe0.2Zn0.2Mo2O4,0
Mg,Cu,Ag,Fe,Zn,N,Mg0.2Cu0.2Ag0.2Fe0.2Zn0.2N2O4,0
Mg,Cu,Ag,Fe,Zn,Nb,Mg0.2Cu0.2Ag0.2Fe0.2Zn0.2Nb2O4,0
Mg,Cu,Ag,Fe,Zn,Ni,Mg0.2Cu0.2Ag0.2Fe0.2Zn0.2Ni2O4,0
Mg,Cu,Ag,Fe,Zn,Ru,Mg0.2Cu0.2Ag0.2Fe0.2Zn0.2Ru2O4,1
Mg,Cu,Ag,Ni,Co,Ag,Mg0.2Cu0.2Ag0.2Ni0.2Co0.2Ag2O4,1
Mg,Cu,Ag,Ni,Co,Al,Mg0.2Cu0.2Ag0.2Ni0.2Co0.2Al2O4,1
Mg,Cu,Ag,Ni,Co,B,Mg0.2Cu0.2Ag0.2Ni0.2Co0.2B2O4,0
Mg,Cu,Ag,Ni,Co,Bi,Mg0.2Cu0.2Ag0.2Ni0.2Co0.2Bi2O4,1
Mg,Cu,Ag,Ni,Co,Ti,Mg0.2Cu0.2Ag0.2Ni0.2Co0.2Ti2O4,1
Mg,Cu,Ag,Ni,Co,Co,Mg0.2Cu0.2Ag0.2Ni0.2Co0.2Co2O4,0
Mg,Cu,Ag,Ni,Co,Cr,Mg0.2Cu0.2Ag0.2Ni0.2Co0.2Cr2O4,0
Mg,Cu,Ag,Ni,Co,Cu,Mg0.2Cu0.2Ag0.2Ni0.2Co0.2Cu2O4,0
Mg,Cu,Ag,Ni,Co,Fe,Mg0.2Cu0.2Ag0.2Ni0.2Co0.2Fe2O4,0
Mg,Cu,Ag,Ni,Co,V,Mg0.2Cu0.2Ag0.2Ni0.2Co0.2V2O4,0
Mg,Cu,Ag,Ni,Co,Ga,Mg0.2Cu0.2Ag0.2Ni0.2Co0.2Ga2O4,1
Mg,Cu,Ag,Ni,Co,In,Mg0.2Cu0.2Ag0.2Ni0.2Co0.2In2O4,1
Mg,Cu,Ag,Ni,Co,Mn,Mg0.2Cu0.2Ag0.2Ni0.2Co0.2Mn2O4,0
Mg,Cu,Ag,Ni,Co,Mo,Mg0.2Cu0.2Ag0.2Ni0.2Co0.2Mo2O4,0
Mg,Cu,Ag,Ni,Co,N,Mg0.2Cu0.2Ag0.2Ni0.2Co0.2N2O4,0
Mg,Cu,Ag,Ni,Co,Nb,Mg0.2Cu0.2Ag0.2Ni0.2Co0.2Nb2O4,0
Mg,Cu,Ag,Ni,Co,Ni,Mg0.2Cu0.2Ag0.2Ni0.2Co0.2Ni2O4,0
Mg,Cu,Ag,Ni,Co,Ru,Mg0.2Cu0.2Ag0.2Ni0.2Co0.2Ru2O4,1
Mg,Cu,Ag,Ni,Zn,Ag,Mg0.2Cu0.2Ag0.2Ni0.2Zn0.2Ag2O4,1
Mg,Cu,Ag,Ni,Zn,Al,Mg0.2Cu0.2Ag0.2Ni0.2Zn0.2Al2O4,1
Mg,Cu,Ag,Ni,Zn,B,Mg0.2Cu0.2Ag0.2Ni0.2Zn0.2B2O4,0
Mg,Cu,Ag,Ni,Zn,Bi,Mg0.2Cu0.2Ag0.2Ni0.2Zn0.2Bi2O4,1
Mg,Cu,Ag,Ni,Zn,Ti,Mg0.2Cu0.2Ag0.2Ni0.2Zn0.2Ti2O4,1
Mg,Cu,Ag,Ni,Zn,Co,Mg0.2Cu0.2Ag0.2Ni0.2Zn0.2Co2O4,1
Mg,Cu,Ag,Ni,Zn,Cr,Mg0.2Cu0.2Ag0.2Ni0.2Zn0.2Cr2O4,0
Mg,Cu,Ag,Ni,Zn,Cu,Mg0.2Cu0.2Ag0.2Ni0.2Zn0.2Cu2O4,0
Mg,Cu,Ag,Ni,Zn,Fe,Mg0.2Cu0.2Ag0.2Ni0.2Zn0.2Fe2O4,1
Mg,Cu,Ag,Ni,Zn,V,Mg0.2Cu0.2Ag0.2Ni0.2Zn0.2V2O4,1
Mg,Cu,Ag,Ni,Zn,Ga,Mg0.2Cu0.2Ag0.2Ni0.2Zn0.2Ga2O4,1
Mg,Cu,Ag,Ni,Zn,In,Mg0.2Cu0.2Ag0.2Ni0.2Zn0.2In2O4,1
Mg,Cu,Ag,Ni,Zn,Mn,Mg0.2Cu0.2Ag0.2Ni0.2Zn0.2Mn2O4,0
Mg,Cu,Ag,Ni,Zn,Mo,Mg0.2Cu0.2Ag0.2Ni0.2Zn0.2Mo2O4,0
Mg,Cu,Ag,Ni,Zn,N,Mg0.2Cu0.2Ag0.2Ni0.2Zn0.2N2O4,0
Mg,Cu,Ag,Ni,Zn,Nb,Mg0.2Cu0.2Ag0.2Ni0.2Zn0.2Nb2O4,0
Mg,Cu,Ag,Ni,Zn,Ni,Mg0.2Cu0.2Ag0.2Ni0.2Zn0.2Ni2O4,0
Mg,Cu,Ag,Ni,Zn,Ru,Mg0.2Cu0.2Ag0.2Ni0.2Zn0.2Ru2O4,1
Mg,Cu,Ag,Co,Zn,Ag,Mg0.2Cu0.2Ag0.2Co0.2Zn0.2Ag2O4,1
Mg,Cu,Ag,Co,Zn,Al,Mg0.2Cu0.2Ag0.2Co0.2Zn0.2Al2O4,1
Mg,Cu,Ag,Co,Zn,B,Mg0.2Cu0.2Ag0.2Co0.2Zn0.2B2O4,0
Mg,Cu,Ag,Co,Zn,Bi,Mg0.2Cu0.2Ag0.2Co0.2Zn0.2Bi2O4,1
Mg,Cu,Ag,Co,Zn,Ti,Mg0.2Cu0.2Ag0.2Co0.2Zn0.2Ti2O4,1
Mg,Cu,Ag,Co,Zn,Co,Mg0.2Cu0.2Ag0.2Co0.2Zn0.2Co2O4,1
Mg,Cu,Ag,Co,Zn,Cr,Mg0.2Cu0.2Ag0.2Co0.2Zn0.2Cr2O4,0
Mg,Cu,Ag,Co,Zn,Cu,Mg0.2Cu0.2Ag0.2Co0.2Zn0.2Cu2O4,0
Mg,Cu,Ag,Co,Zn,Fe,Mg0.2Cu0.2Ag0.2Co0.2Zn0.2Fe2O4,1
Mg,Cu,Ag,Co,Zn,V,Mg0.2Cu0.2Ag0.2Co0.2Zn0.2V2O4,1
Mg,Cu,Ag,Co,Zn,Ga,Mg0.2Cu0.2Ag0.2Co0.2Zn0.2Ga2O4,1
Mg,Cu,Ag,Co,Zn,In,Mg0.2Cu0.2Ag0.2Co0.2Zn0.2In2O4,1
Mg,Cu,Ag,Co,Zn,Mn,Mg0.2Cu0.2Ag0.2Co0.2Zn0.2Mn2O4,0
Mg,Cu,Ag,Co,Zn,Mo,Mg0.2Cu0.2Ag0.2Co0.2Zn0.2Mo2O4,0
Mg,Cu,Ag,Co,Zn,N,Mg0.2Cu0.2Ag0.2Co0.2Zn0.2N2O4,0
Mg,Cu,Ag,Co,Zn,Nb,Mg0.2Cu0.2Ag0.2Co0.2Zn0.2Nb2O4,1
Mg,Cu,Ag,Co,Zn,Ni,Mg0.2Cu0.2Ag0.2Co0.2Zn0.2Ni2O4,0
Mg,Cu,Ag,Co,Zn,Ru,Mg0.2Cu0.2Ag0.2Co0.2Zn0.2Ru2O4,1
Mg,Cu,Fe,Ni,Co,Ag,Mg0.2Cu0.2Fe0.2Ni0.2Co0.2Ag2O4,1
Mg,Cu,Fe,Ni,Co,Al,Mg0.2Cu0.2Fe0.2Ni0.2Co0.2Al2O4,1
Mg,Cu,Fe,Ni,Co,B,Mg0.2Cu0.2Fe0.2Ni0.2Co0.2B2O4,0
Mg,Cu,Fe,Ni,Co,Bi,Mg0.2Cu0.2Fe0.2Ni0.2Co0.2Bi2O4,1
Mg,Cu,Fe,Ni,Co,Ti,Mg0.2Cu0.2Fe0.2Ni0.2Co0.2Ti2O4,1
Mg,Cu,Fe,Ni,Co,Co,Mg0.2Cu0.2Fe0.2Ni0.2Co0.2Co2O4,1
Mg,Cu,Fe,Ni,Co,Cr,Mg0.2Cu0.2Fe0.2Ni0.2Co0.2Cr2O4,0
Mg,Cu,Fe,Ni,Co,Cu,Mg0.2Cu0.2Fe0.2Ni0.2Co0.2Cu2O4,0
Mg,Cu,Fe,Ni,Co,Fe,Mg0.2Cu0.2Fe0.2Ni0.2Co0.2Fe2O4,1
Mg,Cu,Fe,Ni,Co,V,Mg0.2Cu0.2Fe0.2Ni0.2Co0.2V2O4,1
Mg,Cu,Fe,Ni,Co,Ga,Mg0.2Cu0.2Fe0.2Ni0.2Co0.2Ga2O4,1
Mg,Cu,Fe,Ni,Co,In,Mg0.2Cu0.2Fe0.2Ni0.2Co0.2In2O4,1
Mg,Cu,Fe,Ni,Co,Mn,Mg0.2Cu0.2Fe0.2Ni0.2Co0.2Mn2O4,1
Mg,Cu,Fe,Ni,Co,Mo,Mg0.2Cu0.2Fe0.2Ni0.2Co0.2Mo2O4,1
Mg,Cu,Fe,Ni,Co,N,Mg0.2Cu0.2Fe0.2Ni0.2Co0.2N2O4,0
Mg,Cu,Fe,Ni,Co,Nb,Mg0.2Cu0.2Fe0.2Ni0.2Co0.2Nb2O4,1
Mg,Cu,Fe,Ni,Co,Ni,Mg0.2Cu0.2Fe0.2Ni0.2Co0.2Ni2O4,0
Mg,Cu,Fe,Ni,Co,Ru,Mg0.2Cu0.2Fe0.2Ni0.2Co0.2Ru2O4,1
Mg,Cu,Fe,Ni,Zn,Ag,Mg0.2Cu0.2Fe0.2Ni0.2Zn0.2Ag2O4,1
Mg,Cu,Fe,Ni,Zn,Al,Mg0.2Cu0.2Fe0.2Ni0.2Zn0.2Al2O4,1
Mg,Cu,Fe,Ni,Zn,B,Mg0.2Cu0.2Fe0.2Ni0.2Zn0.2B2O4,0
Mg,Cu,Fe,Ni,Zn,Bi,Mg0.2Cu0.2Fe0.2Ni0.2Zn0.2Bi2O4,1
Mg,Cu,Fe,Ni,Zn,Ti,Mg0.2Cu0.2Fe0.2Ni0.2Zn0.2Ti2O4,1
Mg,Cu,Fe,Ni,Zn,Co,Mg0.2Cu0.2Fe0.2Ni0.2Zn0.2Co2O4,1
Mg,Cu,Fe,Ni,Zn,Cr,Mg0.2Cu0.2Fe0.2Ni0.2Zn0.2Cr2O4,0
Mg,Cu,Fe,Ni,Zn,Cu,Mg0.2Cu0.2Fe0.2Ni0.2Zn0.2Cu2O4,0
Mg,Cu,Fe,Ni,Zn,Fe,Mg0.2Cu0.2Fe0.2Ni0.2Zn0.2Fe2O4,1
Mg,Cu,Fe,Ni,Zn,V,Mg0.2Cu0.2Fe0.2Ni0.2Zn0.2V2O4,1
Mg,Cu,Fe,Ni,Zn,Ga,Mg0.2Cu0.2Fe0.2Ni0.2Zn0.2Ga2O4,1
Mg,Cu,Fe,Ni,Zn,In,Mg0.2Cu0.2Fe0.2Ni0.2Zn0.2In2O4,1
Mg,Cu,Fe,Ni,Zn,Mn,Mg0.2Cu0.2Fe0.2Ni0.2Zn0.2Mn2O4,1
Mg,Cu,Fe,Ni,Zn,Mo,Mg0.2Cu0.2Fe0.2Ni0.2Zn0.2Mo2O4,1
Mg,Cu,Fe,Ni,Zn,N,Mg0.2Cu0.2Fe0.2Ni0.2Zn0.2N2O4,0
Mg,Cu,Fe,Ni,Zn,Nb,Mg0.2Cu0.2Fe0.2Ni0.2Zn0.2Nb2O4,1
Mg,Cu,Fe,Ni,Zn,Ni,Mg0.2Cu0.2Fe0.2Ni0.2Zn0.2Ni2O4,0
Mg,Cu,Fe,Ni,Zn,Ru,Mg0.2Cu0.2Fe0.2Ni0.2Zn0.2Ru2O4,1
Mg,Cu,Fe,Co,Zn,Ag,Mg0.2Cu0.2Fe0.2Co0.2Zn0.2Ag2O4,1
Mg,Cu,Fe,Co,Zn,Al,Mg0.2Cu0.2Fe0.2Co0.2Zn0.2Al2O4,1
Mg,Cu,Fe,Co,Zn,B,Mg0.2Cu0.2Fe0.2Co0.2Zn0.2B2O4,0
Mg,Cu,Fe,Co,Zn,Bi,Mg0.2Cu0.2Fe0.2Co0.2Zn0.2Bi2O4,1
Mg,Cu,Fe,Co,Zn,Ti,Mg0.2Cu0.2Fe0.2Co0.2Zn0.2Ti2O4,1
Mg,Cu,Fe,Co,Zn,Co,Mg0.2Cu0.2Fe0.2Co0.2Zn0.2Co2O4,1
Mg,Cu,Fe,Co,Zn,Cr,Mg0.2Cu0.2Fe0.2Co0.2Zn0.2Cr2O4,0
Mg,Cu,Fe,Co,Zn,Cu,Mg0.2Cu0.2Fe0.2Co0.2Zn0.2Cu2O4,0
Mg,Cu,Fe,Co,Zn,Fe,Mg0.2Cu0.2Fe0.2Co0.2Zn0.2Fe2O4,1
Mg,Cu,Fe,Co,Zn,V,Mg0.2Cu0.2Fe0.2Co0.2Zn0.2V2O4,1
Mg,Cu,Fe,Co,Zn,Ga,Mg0.2Cu0.2Fe0.2Co0.2Zn0.2Ga2O4,1
Mg,Cu,Fe,Co,Zn,In,Mg0.2Cu0.2Fe0.2Co0.2Zn0.2In2O4,1
Mg,Cu,Fe,Co,Zn,Mn,Mg0.2Cu0.2Fe0.2Co0.2Zn0.2Mn2O4,1
Mg,Cu,Fe,Co,Zn,Mo,Mg0.2Cu0.2Fe0.2Co0.2Zn0.2Mo2O4,1
Mg,Cu,Fe,Co,Zn,N,Mg0.2Cu0.2Fe0.2Co0.2Zn0.2N2O4,0
Mg,Cu,Fe,Co,Zn,Nb,Mg0.2Cu0.2Fe0.2Co0.2Zn0.2Nb2O4,1
Mg,Cu,Fe,Co,Zn,Ni,Mg0.2Cu0.2Fe0.2Co0.2Zn0.2Ni2O4,0
Mg,Cu,Fe,Co,Zn,Ru,Mg0.2Cu0.2Fe0.2Co0.2Zn0.2Ru2O4,1
Mg,Cu,Ni,Co,Zn,Ag,Mg0.2Cu0.2Ni0.2Co0.2Zn0.2Ag2O4,1
Mg,Cu,Ni,Co,Zn,Al,Mg0.2Cu0.2Ni0.2Co0.2Zn0.2Al2O4,1
Mg,Cu,Ni,Co,Zn,B,Mg0.2Cu0.2Ni0.2Co0.2Zn0.2B2O4,1
Mg,Cu,Ni,Co,Zn,Bi,Mg0.2Cu0.2Ni0.2Co0.2Zn0.2Bi2O4,1
Mg,Cu,Ni,Co,Zn,Ti,Mg0.2Cu0.2Ni0.2Co0.2Zn0.2Ti2O4,1
Mg,Cu,Ni,Co,Zn,Co,Mg0.2Cu0.2Ni0.2Co0.2Zn0.2Co2O4,1
Mg,Cu,Ni,Co,Zn,Cr,Mg0.2Cu0.2Ni0.2Co0.2Zn0.2Cr2O4,1
Mg,Cu,Ni,Co,Zn,Cu,Mg0.2Cu0.2Ni0.2Co0.2Zn0.2Cu2O4,0
Mg,Cu,Ni,Co,Zn,Fe,Mg0.2Cu0.2Ni0.2Co0.2Zn0.2Fe2O4,1
Mg,Cu,Ni,Co,Zn,V,Mg0.2Cu0.2Ni0.2Co0.2Zn0.2V2O4,1
Mg,Cu,Ni,Co,Zn,Ga,Mg0.2Cu0.2Ni0.2Co0.2Zn0.2Ga2O4,1
Mg,Cu,Ni,Co,Zn,In,Mg0.2Cu0.2Ni0.2Co0.2Zn0.2In2O4,1
Mg,Cu,Ni,Co,Zn,Mn,Mg0.2Cu0.2Ni0.2Co0.2Zn0.2Mn2O4,1
Mg,Cu,Ni,Co,Zn,Mo,Mg0.2Cu0.2Ni0.2Co0.2Zn0.2Mo2O4,1
Mg,Cu,Ni,Co,Zn,N,Mg0.2Cu0.2Ni0.2Co0.2Zn0.2N2O4,0
Mg,Cu,Ni,Co,Zn,Nb,Mg0.2Cu0.2Ni0.2Co0.2Zn0.2Nb2O4,1
Mg,Cu,Ni,Co,Zn,Ni,Mg0.2Cu0.2Ni0.2Co0.2Zn0.2Ni2O4,0
Mg,Cu,Ni,Co,Zn,Ru,Mg0.2Cu0.2Ni0.2Co0.2Zn0.2Ru2O4,1
Mg,Ag,Fe,Ni,Co,Ag,Mg0.2Ag0.2Fe0.2Ni0.2Co0.2Ag2O4,1
Mg,Ag,Fe,Ni,Co,Al,Mg0.2Ag0.2Fe0.2Ni0.2Co0.2Al2O4,1
Mg,Ag,Fe,Ni,Co,B,Mg0.2Ag0.2Fe0.2Ni0.2Co0.2B2O4,0
Mg,Ag,Fe,Ni,Co,Bi,Mg0.2Ag0.2Fe0.2Ni0.2Co0.2Bi2O4,1
Mg,Ag,Fe,Ni,Co,Ti,Mg0.2Ag0.2Fe0.2Ni0.2Co0.2Ti2O4,1
Mg,Ag,Fe,Ni,Co,Co,Mg0.2Ag0.2Fe0.2Ni0.2Co0.2Co2O4,1
Mg,Ag,Fe,Ni,Co,Cr,Mg0.2Ag0.2Fe0.2Ni0.2Co0.2Cr2O4,0
Mg,Ag,Fe,Ni,Co,Cu,Mg0.2Ag0.2Fe0.2Ni0.2Co0.2Cu2O4,0
Mg,Ag,Fe,Ni,Co,Fe,Mg0.2Ag0.2Fe0.2Ni0.2Co0.2Fe2O4,1
Mg,Ag,Fe,Ni,Co,V,Mg0.2Ag0.2Fe0.2Ni0.2Co0.2V2O4,0
Mg,Ag,Fe,Ni,Co,Ga,Mg0.2Ag0.2Fe0.2Ni0.2Co0.2Ga2O4,1
Mg,Ag,Fe,Ni,Co,In,Mg0.2Ag0.2Fe0.2Ni0.2Co0.2In2O4,1
Mg,Ag,Fe,Ni,Co,Mn,Mg0.2Ag0.2Fe0.2Ni0.2Co0.2Mn2O4,0
Mg,Ag,Fe,Ni,Co,Mo,Mg0.2Ag0.2Fe0.2Ni0.2Co0.2Mo2O4,0
Mg,Ag,Fe,Ni,Co,N,Mg0.2Ag0.2Fe0.2Ni0.2Co0.2N2O4,0
Mg,Ag,Fe,Ni,Co,Nb,Mg0.2Ag0.2Fe0.2Ni0.2Co0.2Nb2O4,0
Mg,Ag,Fe,Ni,Co,Ni,Mg0.2Ag0.2Fe0.2Ni0.2Co0.2Ni2O4,0
Mg,Ag,Fe,Ni,Co,Ru,Mg0.2Ag0.2Fe0.2Ni0.2Co0.2Ru2O4,1
Mg,Ag,Fe,Ni,Zn,Ag,Mg0.2Ag0.2Fe0.2Ni0.2Zn0.2Ag2O4,1
Mg,Ag,Fe,Ni,Zn,Al,Mg0.2Ag0.2Fe0.2Ni0.2Zn0.2Al2O4,1
Mg,Ag,Fe,Ni,Zn,B,Mg0.2Ag0.2Fe0.2Ni0.2Zn0.2B2O4,0
Mg,Ag,Fe,Ni,Zn,Bi,Mg0.2Ag0.2Fe0.2Ni0.2Zn0.2Bi2O4,1
Mg,Ag,Fe,Ni,Zn,Ti,Mg0.2Ag0.2Fe0.2Ni0.2Zn0.2Ti2O4,1
Mg,Ag,Fe,Ni,Zn,Co,Mg0.2Ag0.2Fe0.2Ni0.2Zn0.2Co2O4,1
Mg,Ag,Fe,Ni,Zn,Cr,Mg0.2Ag0.2Fe0.2Ni0.2Zn0.2Cr2O4,0
Mg,Ag,Fe,Ni,Zn,Cu,Mg0.2Ag0.2Fe0.2Ni0.2Zn0.2Cu2O4,0
Mg,Ag,Fe,Ni,Zn,Fe,Mg0.2Ag0.2Fe0.2Ni0.2Zn0.2Fe2O4,1
Mg,Ag,Fe,Ni,Zn,V,Mg0.2Ag0.2Fe0.2Ni0.2Zn0.2V2O4,1
Mg,Ag,Fe,Ni,Zn,Ga,Mg0.2Ag0.2Fe0.2Ni0.2Zn0.2Ga2O4,1
Mg,Ag,Fe,Ni,Zn,In,Mg0.2Ag0.2Fe0.2Ni0.2Zn0.2In2O4,1
Mg,Ag,Fe,Ni,Zn,Mn,Mg0.2Ag0.2Fe0.2Ni0.2Zn0.2Mn2O4,0
Mg,Ag,Fe,Ni,Zn,Mo,Mg0.2Ag0.2Fe0.2Ni0.2Zn0.2Mo2O4,0
Mg,Ag,Fe,Ni,Zn,N,Mg0.2Ag0.2Fe0.2Ni0.2Zn0.2N2O4,0
Mg,Ag,Fe,Ni,Zn,Nb,Mg0.2Ag0.2Fe0.2Ni0.2Zn0.2Nb2O4,0
Mg,Ag,Fe,Ni,Zn,Ni,Mg0.2Ag0.2Fe0.2Ni0.2Zn0.2Ni2O4,0
Mg,Ag,Fe,Ni,Zn,Ru,Mg0.2Ag0.2Fe0.2Ni0.2Zn0.2Ru2O4,1
Mg,Ag,Fe,Co,Zn,Ag,Mg0.2Ag0.2Fe0.2Co0.2Zn0.2Ag2O4,1
Mg,Ag,Fe,Co,Zn,Al,Mg0.2Ag0.2Fe0.2Co0.2Zn0.2Al2O4,1
Mg,Ag,Fe,Co,Zn,B,Mg0.2Ag0.2Fe0.2Co0.2Zn0.2B2O4,0
Mg,Ag,Fe,Co,Zn,Bi,Mg0.2Ag0.2Fe0.2Co0.2Zn0.2Bi2O4,1
Mg,Ag,Fe,Co,Zn,Ti,Mg0.2Ag0.2Fe0.2Co0.2Zn0.2Ti2O4,1
Mg,Ag,Fe,Co,Zn,Co,Mg0.2Ag0.2Fe0.2Co0.2Zn0.2Co2O4,1
Mg,Ag,Fe,Co,Zn,Cr,Mg0.2Ag0.2Fe0.2Co0.2Zn0.2Cr2O4,0
Mg,Ag,Fe,Co,Zn,Cu,Mg0.2Ag0.2Fe0.2Co0.2Zn0.2Cu2O4,0
Mg,Ag,Fe,Co,Zn,Fe,Mg0.2Ag0.2Fe0.2Co0.2Zn0.2Fe2O4,1
Mg,Ag,Fe,Co,Zn,V,Mg0.2Ag0.2Fe0.2Co0.2Zn0.2V2O4,1
Mg,Ag,Fe,Co,Zn,Ga,Mg0.2Ag0.2Fe0.2Co0.2Zn0.2Ga2O4,1
Mg,Ag,Fe,Co,Zn,In,Mg0.2Ag0.2Fe0.2Co0.2Zn0.2In2O4,1
Mg,Ag,Fe,Co,Zn,Mn,Mg0.2Ag0.2Fe0.2Co0.2Zn0.2Mn2O4,1
Mg,Ag,Fe,Co,Zn,Mo,Mg0.2Ag0.2Fe0.2Co0.2Zn0.2Mo2O4,0
Mg,Ag,Fe,Co,Zn,N,Mg0.2Ag0.2Fe0.2Co0.2Zn0.2N2O4,0
Mg,Ag,Fe,Co,Zn,Nb,Mg0.2Ag0.2Fe0.2Co0.2Zn0.2Nb2O4,0
Mg,Ag,Fe,Co,Zn,Ni,Mg0.2Ag0.2Fe0.2Co0.2Zn0.2Ni2O4,0
Mg,Ag,Fe,Co,Zn,Ru,Mg0.2Ag0.2Fe0.2Co0.2Zn0.2Ru2O4,1
Mg,Ag,Ni,Co,Zn,Ag,Mg0.2Ag0.2Ni0.2Co0.2Zn0.2Ag2O4,1
Mg,Ag,Ni,Co,Zn,Al,Mg0.2Ag0.2Ni0.2Co0.2Zn0.2Al2O4,1
Mg,Ag,Ni,Co,Zn,B,Mg0.2Ag0.2Ni0.2Co0.2Zn0.2B2O4,0
Mg,Ag,Ni,Co,Zn,Bi,Mg0.2Ag0.2Ni0.2Co0.2Zn0.2Bi2O4,1
Mg,Ag,Ni,Co,Zn,Ti,Mg0.2Ag0.2Ni0.2Co0.2Zn0.2Ti2O4,1
Mg,Ag,Ni,Co,Zn,Co,Mg0.2Ag0.2Ni0.2Co0.2Zn0.2Co2O4,1
Mg,Ag,Ni,Co,Zn,Cr,Mg0.2Ag0.2Ni0.2Co0.2Zn0.2Cr2O4,0
Mg,Ag,Ni,Co,Zn,Cu,Mg0.2Ag0.2Ni0.2Co0.2Zn0.2Cu2O4,0
Mg,Ag,Ni,Co,Zn,Fe,Mg0.2Ag0.2Ni0.2Co0.2Zn0.2Fe2O4,1
Mg,Ag,Ni,Co,Zn,V,Mg0.2Ag0.2Ni0.2Co0.2Zn0.2V2O4,1
Mg,Ag,Ni,Co,Zn,Ga,Mg0.2Ag0.2Ni0.2Co0.2Zn0.2Ga2O4,1
Mg,Ag,Ni,Co,Zn,In,Mg0.2Ag0.2Ni0.2Co0.2Zn0.2In2O4,1
Mg,Ag,Ni,Co,Zn,Mn,Mg0.2Ag0.2Ni0.2Co0.2Zn0.2Mn2O4,1
Mg,Ag,Ni,Co,Zn,Mo,Mg0.2Ag0.2Ni0.2Co0.2Zn0.2Mo2O4,0
Mg,Ag,Ni,Co,Zn,N,Mg0.2Ag0.2Ni0.2Co0.2Zn0.2N2O4,0
Mg,Ag,Ni,Co,Zn,Nb,Mg0.2Ag0.2Ni0.2Co0.2Zn0.2Nb2O4,1
Mg,Ag,Ni,Co,Zn,Ni,Mg0.2Ag0.2Ni0.2Co0.2Zn0.2Ni2O4,0
Mg,Ag,Ni,Co,Zn,Ru,Mg0.2Ag0.2Ni0.2Co0.2Zn0.2Ru2O4,1
Mg,Fe,Ni,Co,Zn,Ag,Mg0.2Fe0.2Ni0.2Co0.2Zn0.2Ag2O4,1
Mg,Fe,Ni,Co,Zn,Al,Mg0.2Fe0.2Ni0.2Co0.2Zn0.2Al2O4,1
Mg,Fe,Ni,Co,Zn,B,Mg0.2Fe0.2Ni0.2Co0.2Zn0.2B2O4,0
Mg,Fe,Ni,Co,Zn,Bi,Mg0.2Fe0.2Ni0.2Co0.2Zn0.2Bi2O4,0
Mg,Fe,Ni,Co,Zn,Ti,Mg0.2Fe0.2Ni0.2Co0.2Zn0.2Ti2O4,0
Mg,Fe,Ni,Co,Zn,Co,Mg0.2Fe0.2Ni0.2Co0.2Zn0.2Co2O4,0
Mg,Fe,Ni,Co,Zn,Cr,Mg0.2Fe0.2Ni0.2Co0.2Zn0.2Cr2O4,0
Mg,Fe,Ni,Co,Zn,Cu,Mg0.2Fe0.2Ni0.2Co0.2Zn0.2Cu2O4,0
Mg,Fe,Ni,Co,Zn,Fe,Mg0.2Fe0.2Ni0.2Co0.2Zn0.2Fe2O4,0
Mg,Fe,Ni,Co,Zn,V,Mg0.2Fe0.2Ni0.2Co0.2Zn0.2V2O4,0
Mg,Fe,Ni,Co,Zn,Ga,Mg0.2Fe0.2Ni0.2Co0.2Zn0.2Ga2O4,0
Mg,Fe,Ni,Co,Zn,In,Mg0.2Fe0.2Ni0.2Co0.2Zn0.2In2O4,0
Mg,Fe,Ni,Co,Zn,Mn,Mg0.2Fe0.2Ni0.2Co0.2Zn0.2Mn2O4,0
Mg,Fe,Ni,Co,Zn,Mo,Mg0.2Fe0.2Ni0.2Co0.2Zn0.2Mo2O4,0
Mg,Fe,Ni,Co,Zn,N,Mg0.2Fe0.2Ni0.2Co0.2Zn0.2N2O4,0
Mg,Fe,Ni,Co,Zn,Nb,Mg0.2Fe0.2Ni0.2Co0.2Zn0.2Nb2O4,0
Mg,Fe,Ni,Co,Zn,Ni,Mg0.2Fe0.2Ni0.2Co0.2Zn0.2Ni2O4,0
Mg,Fe,Ni,Co,Zn,Ru,Mg0.2Fe0.2Ni0.2Co0.2Zn0.2Ru2O4,0
Mn,Cu,Ag,Fe,Ni,Ag,Mn0.2Cu0.2Ag0.2Fe0.2Ni0.2Ag2O4,0
Mn,Cu,Ag,Fe,Ni,Al,Mn0.2Cu0.2Ag0.2Fe0.2Ni0.2Al2O4,0
Mn,Cu,Ag,Fe,Ni,B,Mn0.2Cu0.2Ag0.2Fe0.2Ni0.2B2O4,0
Mn,Cu,Ag,Fe,Ni,Bi,Mn0.2Cu0.2Ag0.2Fe0.2Ni0.2Bi2O4,0
Mn,Cu,Ag,Fe,Ni,Ti,Mn0.2Cu0.2Ag0.2Fe0.2Ni0.2Ti2O4,0
Mn,Cu,Ag,Fe,Ni,Co,Mn0.2Cu0.2Ag0.2Fe0.2Ni0.2Co2O4,0
Mn,Cu,Ag,Fe,Ni,Cr,Mn0.2Cu0.2Ag0.2Fe0.2Ni0.2Cr2O4,0
Mn,Cu,Ag,Fe,Ni,Cu,Mn0.2Cu0.2Ag0.2Fe0.2Ni0.2Cu2O4,0
Mn,Cu,Ag,Fe,Ni,Fe,Mn0.2Cu0.2Ag0.2Fe0.2Ni0.2Fe2O4,0
Mn,Cu,Ag,Fe,Ni,V,Mn0.2Cu0.2Ag0.2Fe0.2Ni0.2V2O4,0
Mn,Cu,Ag,Fe,Ni,Ga,Mn0.2Cu0.2Ag0.2Fe0.2Ni0.2Ga2O4,0
Mn,Cu,Ag,Fe,Ni,In,Mn0.2Cu0.2Ag0.2Fe0.2Ni0.2In2O4,0
Mn,Cu,Ag,Fe,Ni,Mn,Mn0.2Cu0.2Ag0.2Fe0.2Ni0.2Mn2O4,0
Mn,Cu,Ag,Fe,Ni,Mo,Mn0.2Cu0.2Ag0.2Fe0.2Ni0.2Mo2O4,0
Mn,Cu,Ag,Fe,Ni,N,Mn0.2Cu0.2Ag0.2Fe0.2Ni0.2N2O4,0
Mn,Cu,Ag,Fe,Ni,Nb,Mn0.2Cu0.2Ag0.2Fe0.2Ni0.2Nb2O4,0
Mn,Cu,Ag,Fe,Ni,Ni,Mn0.2Cu0.2Ag0.2Fe0.2Ni0.2Ni2O4,0
Mn,Cu,Ag,Fe,Ni,Ru,Mn0.2Cu0.2Ag0.2Fe0.2Ni0.2Ru2O4,0
Mn,Cu,Ag,Fe,Co,Ag,Mn0.2Cu0.2Ag0.2Fe0.2Co0.2Ag2O4,0
Mn,Cu,Ag,Fe,Co,Al,Mn0.2Cu0.2Ag0.2Fe0.2Co0.2Al2O4,0
Mn,Cu,Ag,Fe,Co,B,Mn0.2Cu0.2Ag0.2Fe0.2Co0.2B2O4,0
Mn,Cu,Ag,Fe,Co,Bi,Mn0.2Cu0.2Ag0.2Fe0.2Co0.2Bi2O4,0
Mn,Cu,Ag,Fe,Co,Ti,Mn0.2Cu0.2Ag0.2Fe0.2Co0.2Ti2O4,0
Mn,Cu,Ag,Fe,Co,Co,Mn0.2Cu0.2Ag0.2Fe0.2Co0.2Co2O4,0
Mn,Cu,Ag,Fe,Co,Cr,Mn0.2Cu0.2Ag0.2Fe0.2Co0.2Cr2O4,0
Mn,Cu,Ag,Fe,Co,Cu,Mn0.2Cu0.2Ag0.2Fe0.2Co0.2Cu2O4,0
Mn,Cu,Ag,Fe,Co,Fe,Mn0.2Cu0.2Ag0.2Fe0.2Co0.2Fe2O4,0
Mn,Cu,Ag,Fe,Co,V,Mn0.2Cu0.2Ag0.2Fe0.2Co0.2V2O4,0
Mn,Cu,Ag,Fe,Co,Ga,Mn0.2Cu0.2Ag0.2Fe0.2Co0.2Ga2O4,0
Mn,Cu,Ag,Fe,Co,In,Mn0.2Cu0.2Ag0.2Fe0.2Co0.2In2O4,0
Mn,Cu,Ag,Fe,Co,Mn,Mn0.2Cu0.2Ag0.2Fe0.2Co0.2Mn2O4,0
Mn,Cu,Ag,Fe,Co,Mo,Mn0.2Cu0.2Ag0.2Fe0.2Co0.2Mo2O4,0
Mn,Cu,Ag,Fe,Co,N,Mn0.2Cu0.2Ag0.2Fe0.2Co0.2N2O4,0
Mn,Cu,Ag,Fe,Co,Nb,Mn0.2Cu0.2Ag0.2Fe0.2Co0.2Nb2O4,0
Mn,Cu,Ag,Fe,Co,Ni,Mn0.2Cu0.2Ag0.2Fe0.2Co0.2Ni2O4,0
Mn,Cu,Ag,Fe,Co,Ru,Mn0.2Cu0.2Ag0.2Fe0.2Co0.2Ru2O4,0
Mn,Cu,Ag,Fe,Zn,Ag,Mn0.2Cu0.2Ag0.2Fe0.2Zn0.2Ag2O4,0
Mn,Cu,Ag,Fe,Zn,Al,Mn0.2Cu0.2Ag0.2Fe0.2Zn0.2Al2O4,0
Mn,Cu,Ag,Fe,Zn,B,Mn0.2Cu0.2Ag0.2Fe0.2Zn0.2B2O4,0
Mn,Cu,Ag,Fe,Zn,Bi,Mn0.2Cu0.2Ag0.2Fe0.2Zn0.2Bi2O4,0
Mn,Cu,Ag,Fe,Zn,Ti,Mn0.2Cu0.2Ag0.2Fe0.2Zn0.2Ti2O4,0
Mn,Cu,Ag,Fe,Zn,Co,Mn0.2Cu0.2Ag0.2Fe0.2Zn0.2Co2O4,0
Mn,Cu,Ag,Fe,Zn,Cr,Mn0.2Cu0.2Ag0.2Fe0.2Zn0.2Cr2O4,0
Mn,Cu,Ag,Fe,Zn,Cu,Mn0.2Cu0.2Ag0.2Fe0.2Zn0.2Cu2O4,0
Mn,Cu,Ag,Fe,Zn,Fe,Mn0.2Cu0.2Ag0.2Fe0.2Zn0.2Fe2O4,0
Mn,Cu,Ag,Fe,Zn,V,Mn0.2Cu0.2Ag0.2Fe0.2Zn0.2V2O4,0
Mn,Cu,Ag,Fe,Zn,Ga,Mn0.2Cu0.2Ag0.2Fe0.2Zn0.2Ga2O4,0
Mn,Cu,Ag,Fe,Zn,In,Mn0.2Cu0.2Ag0.2Fe0.2Zn0.2In2O4,0
Mn,Cu,Ag,Fe,Zn,Mn,Mn0.2Cu0.2Ag0.2Fe0.2Zn0.2Mn2O4,0
Mn,Cu,Ag,Fe,Zn,Mo,Mn0.2Cu0.2Ag0.2Fe0.2Zn0.2Mo2O4,0
Mn,Cu,Ag,Fe,Zn,N,Mn0.2Cu0.2Ag0.2Fe0.2Zn0.2N2O4,0
Mn,Cu,Ag,Fe,Zn,Nb,Mn0.2Cu0.2Ag0.2Fe0.2Zn0.2Nb2O4,0
Mn,Cu,Ag,Fe,Zn,Ni,Mn0.2Cu0.2Ag0.2Fe0.2Zn0.2Ni2O4,0
Mn,Cu,Ag,Fe,Zn,Ru,Mn0.2Cu0.2Ag0.2Fe0.2Zn0.2Ru2O4,0
Mn,Cu,Ag,Ni,Co,Ag,Mn0.2Cu0.2Ag0.2Ni0.2Co0.2Ag2O4,0
Mn,Cu,Ag,Ni,Co,Al,Mn0.2Cu0.2Ag0.2Ni0.2Co0.2Al2O4,0
Mn,Cu,Ag,Ni,Co,B,Mn0.2Cu0.2Ag0.2Ni0.2Co0.2B2O4,0
Mn,Cu,Ag,Ni,Co,Bi,Mn0.2Cu0.2Ag0.2Ni0.2Co0.2Bi2O4,0
Mn,Cu,Ag,Ni,Co,Ti,Mn0.2Cu0.2Ag0.2Ni0.2Co0.2Ti2O4,0
Mn,Cu,Ag,Ni,Co,Co,Mn0.2Cu0.2Ag0.2Ni0.2Co0.2Co2O4,0
Mn,Cu,Ag,Ni,Co,Cr,Mn0.2Cu0.2Ag0.2Ni0.2Co0.2Cr2O4,0
Mn,Cu,Ag,Ni,Co,Cu,Mn0.2Cu0.2Ag0.2Ni0.2Co0.2Cu2O4,0
Mn,Cu,Ag,Ni,Co,Fe,Mn0.2Cu0.2Ag0.2Ni0.2Co0.2Fe2O4,0
Mn,Cu,Ag,Ni,Co,V,Mn0.2Cu0.2Ag0.2Ni0.2Co0.2V2O4,0
Mn,Cu,Ag,Ni,Co,Ga,Mn0.2Cu0.2Ag0.2Ni0.2Co0.2Ga2O4,0
Mn,Cu,Ag,Ni,Co,In,Mn0.2Cu0.2Ag0.2Ni0.2Co0.2In2O4,0
Mn,Cu,Ag,Ni,Co,Mn,Mn0.2Cu0.2Ag0.2Ni0.2Co0.2Mn2O4,0
Mn,Cu,Ag,Ni,Co,Mo,Mn0.2Cu0.2Ag0.2Ni0.2Co0.2Mo2O4,0
Mn,Cu,Ag,Ni,Co,N,Mn0.2Cu0.2Ag0.2Ni0.2Co0.2N2O4,0
Mn,Cu,Ag,Ni,Co,Nb,Mn0.2Cu0.2Ag0.2Ni0.2Co0.2Nb2O4,0
Mn,Cu,Ag,Ni,Co,Ni,Mn0.2Cu0.2Ag0.2Ni0.2Co0.2Ni2O4,0
Mn,Cu,Ag,Ni,Co,Ru,Mn0.2Cu0.2Ag0.2Ni0.2Co0.2Ru2O4,0
Mn,Cu,Ag,Ni,Zn,Ag,Mn0.2Cu0.2Ag0.2Ni0.2Zn0.2Ag2O4,0
Mn,Cu,Ag,Ni,Zn,Al,Mn0.2Cu0.2Ag0.2Ni0.2Zn0.2Al2O4,0
Mn,Cu,Ag,Ni,Zn,B,Mn0.2Cu0.2Ag0.2Ni0.2Zn0.2B2O4,0
Mn,Cu,Ag,Ni,Zn,Bi,Mn0.2Cu0.2Ag0.2Ni0.2Zn0.2Bi2O4,0
Mn,Cu,Ag,Ni,Zn,Ti,Mn0.2Cu0.2Ag0.2Ni0.2Zn0.2Ti2O4,0
Mn,Cu,Ag,Ni,Zn,Co,Mn0.2Cu0.2Ag0.2Ni0.2Zn0.2Co2O4,0
Mn,Cu,Ag,Ni,Zn,Cr,Mn0.2Cu0.2Ag0.2Ni0.2Zn0.2Cr2O4,0
Mn,Cu,Ag,Ni,Zn,Cu,Mn0.2Cu0.2Ag0.2Ni0.2Zn0.2Cu2O4,0
Mn,Cu,Ag,Ni,Zn,Fe,Mn0.2Cu0.2Ag0.2Ni0.2Zn0.2Fe2O4,0
Mn,Cu,Ag,Ni,Zn,V,Mn0.2Cu0.2Ag0.2Ni0.2Zn0.2V2O4,0
Mn,Cu,Ag,Ni,Zn,Ga,Mn0.2Cu0.2Ag0.2Ni0.2Zn0.2Ga2O4,0
Mn,Cu,Ag,Ni,Zn,In,Mn0.2Cu0.2Ag0.2Ni0.2Zn0.2In2O4,0
Mn,Cu,Ag,Ni,Zn,Mn,Mn0.2Cu0.2Ag0.2Ni0.2Zn0.2Mn2O4,0
Mn,Cu,Ag,Ni,Zn,Mo,Mn0.2Cu0.2Ag0.2Ni0.2Zn0.2Mo2O4,0
Mn,Cu,Ag,Ni,Zn,N,Mn0.2Cu0.2Ag0.2Ni0.2Zn0.2N2O4,0
Mn,Cu,Ag,Ni,Zn,Nb,Mn0.2Cu0.2Ag0.2Ni0.2Zn0.2Nb2O4,0
Mn,Cu,Ag,Ni,Zn,Ni,Mn0.2Cu0.2Ag0.2Ni0.2Zn0.2Ni2O4,0
Mn,Cu,Ag,Ni,Zn,Ru,Mn0.2Cu0.2Ag0.2Ni0.2Zn0.2Ru2O4,0
Mn,Cu,Ag,Co,Zn,Ag,Mn0.2Cu0.2Ag0.2Co0.2Zn0.2Ag2O4,0
Mn,Cu,Ag,Co,Zn,Al,Mn0.2Cu0.2Ag0.2Co0.2Zn0.2Al2O4,0
Mn,Cu,Ag,Co,Zn,B,Mn0.2Cu0.2Ag0.2Co0.2Zn0.2B2O4,0
Mn,Cu,Ag,Co,Zn,Bi,Mn0.2Cu0.2Ag0.2Co0.2Zn0.2Bi2O4,0
Mn,Cu,Ag,Co,Zn,Ti,Mn0.2Cu0.2Ag0.2Co0.2Zn0.2Ti2O4,0
Mn,Cu,Ag,Co,Zn,Co,Mn0.2Cu0.2Ag0.2Co0.2Zn0.2Co2O4,0
Mn,Cu,Ag,Co,Zn,Cr,Mn0.2Cu0.2Ag0.2Co0.2Zn0.2Cr2O4,0
Mn,Cu,Ag,Co,Zn,Cu,Mn0.2Cu0.2Ag0.2Co0.2Zn0.2Cu2O4,0
Mn,Cu,Ag,Co,Zn,Fe,Mn0.2Cu0.2Ag0.2Co0.2Zn0.2Fe2O4,0
Mn,Cu,Ag,Co,Zn,V,Mn0.2Cu0.2Ag0.2Co0.2Zn0.2V2O4,0
Mn,Cu,Ag,Co,Zn,Ga,Mn0.2Cu0.2Ag0.2Co0.2Zn0.2Ga2O4,0
Mn,Cu,Ag,Co,Zn,In,Mn0.2Cu0.2Ag0.2Co0.2Zn0.2In2O4,0
Mn,Cu,Ag,Co,Zn,Mn,Mn0.2Cu0.2Ag0.2Co0.2Zn0.2Mn2O4,0
Mn,Cu,Ag,Co,Zn,Mo,Mn0.2Cu0.2Ag0.2Co0.2Zn0.2Mo2O4,0
Mn,Cu,Ag,Co,Zn,N,Mn0.2Cu0.2Ag0.2Co0.2Zn0.2N2O4,0
Mn,Cu,Ag,Co,Zn,Nb,Mn0.2Cu0.2Ag0.2Co0.2Zn0.2Nb2O4,0
Mn,Cu,Ag,Co,Zn,Ni,Mn0.2Cu0.2Ag0.2Co0.2Zn0.2Ni2O4,0
Mn,Cu,Ag,Co,Zn,Ru,Mn0.2Cu0.2Ag0.2Co0.2Zn0.2Ru2O4,0
Mn,Cu,Fe,Ni,Co,Ag,Mn0.2Cu0.2Fe0.2Ni0.2Co0.2Ag2O4,0
Mn,Cu,Fe,Ni,Co,Al,Mn0.2Cu0.2Fe0.2Ni0.2Co0.2Al2O4,0
Mn,Cu,Fe,Ni,Co,B,Mn0.2Cu0.2Fe0.2Ni0.2Co0.2B2O4,0
Mn,Cu,Fe,Ni,Co,Bi,Mn0.2Cu0.2Fe0.2Ni0.2Co0.2Bi2O4,0
Mn,Cu,Fe,Ni,Co,Ti,Mn0.2Cu0.2Fe0.2Ni0.2Co0.2Ti2O4,0
Mn,Cu,Fe,Ni,Co,Co,Mn0.2Cu0.2Fe0.2Ni0.2Co0.2Co2O4,0
Mn,Cu,Fe,Ni,Co,Cr,Mn0.2Cu0.2Fe0.2Ni0.2Co0.2Cr2O4,0
Mn,Cu,Fe,Ni,Co,Cu,Mn0.2Cu0.2Fe0.2Ni0.2Co0.2Cu2O4,0
Mn,Cu,Fe,Ni,Co,Fe,Mn0.2Cu0.2Fe0.2Ni0.2Co0.2Fe2O4,0
Mn,Cu,Fe,Ni,Co,V,Mn0.2Cu0.2Fe0.2Ni0.2Co0.2V2O4,0
Mn,Cu,Fe,Ni,Co,Ga,Mn0.2Cu0.2Fe0.2Ni0.2Co0.2Ga2O4,0
Mn,Cu,Fe,Ni,Co,In,Mn0.2Cu0.2Fe0.2Ni0.2Co0.2In2O4,0
Mn,Cu,Fe,Ni,Co,Mn,Mn0.2Cu0.2Fe0.2Ni0.2Co0.2Mn2O4,0
Mn,Cu,Fe,Ni,Co,Mo,Mn0.2Cu0.2Fe0.2Ni0.2Co0.2Mo2O4,0
Mn,Cu,Fe,Ni,Co,N,Mn0.2Cu0.2Fe0.2Ni0.2Co0.2N2O4,0
Mn,Cu,Fe,Ni,Co,Nb,Mn0.2Cu0.2Fe0.2Ni0.2Co0.2Nb2O4,0
Mn,Cu,Fe,Ni,Co,Ni,Mn0.2Cu0.2Fe0.2Ni0.2Co0.2Ni2O4,0
Mn,Cu,Fe,Ni,Co,Ru,Mn0.2Cu0.2Fe0.2Ni0.2Co0.2Ru2O4,0
Mn,Cu,Fe,Ni,Zn,Ag,Mn0.2Cu0.2Fe0.2Ni0.2Zn0.2Ag2O4,0
Mn,Cu,Fe,Ni,Zn,Al,Mn0.2Cu0.2Fe0.2Ni0.2Zn0.2Al2O4,0
Mn,Cu,Fe,Ni,Zn,B,Mn0.2Cu0.2Fe0.2Ni0.2Zn0.2B2O4,0
Mn,Cu,Fe,Ni,Zn,Bi,Mn0.2Cu0.2Fe0.2Ni0.2Zn0.2Bi2O4,0
Mn,Cu,Fe,Ni,Zn,Ti,Mn0.2Cu0.2Fe0.2Ni0.2Zn0.2Ti2O4,0
Mn,Cu,Fe,Ni,Zn,Co,Mn0.2Cu0.2Fe0.2Ni0.2Zn0.2Co2O4,0
Mn,Cu,Fe,Ni,Zn,Cr,Mn0.2Cu0.2Fe0.2Ni0.2Zn0.2Cr2O4,0
Mn,Cu,Fe,Ni,Zn,Cu,Mn0.2Cu0.2Fe0.2Ni0.2Zn0.2Cu2O4,0
Mn,Cu,Fe,Ni,Zn,Fe,Mn0.2Cu0.2Fe0.2Ni0.2Zn0.2Fe2O4,0
Mn,Cu,Fe,Ni,Zn,V,Mn0.2Cu0.2Fe0.2Ni0.2Zn0.2V2O4,0
Mn,Cu,Fe,Ni,Zn,Ga,Mn0.2Cu0.2Fe0.2Ni0.2Zn0.2Ga2O4,0
Mn,Cu,Fe,Ni,Zn,In,Mn0.2Cu0.2Fe0.2Ni0.2Zn0.2In2O4,0
Mn,Cu,Fe,Ni,Zn,Mn,Mn0.2Cu0.2Fe0.2Ni0.2Zn0.2Mn2O4,0
Mn,Cu,Fe,Ni,Zn,Mo,Mn0.2Cu0.2Fe0.2Ni0.2Zn0.2Mo2O4,0
Mn,Cu,Fe,Ni,Zn,N,Mn0.2Cu0.2Fe0.2Ni0.2Zn0.2N2O4,0
Mn,Cu,Fe,Ni,Zn,Nb,Mn0.2Cu0.2Fe0.2Ni0.2Zn0.2Nb2O4,0
Mn,Cu,Fe,Ni,Zn,Ni,Mn0.2Cu0.2Fe0.2Ni0.2Zn0.2Ni2O4,0
Mn,Cu,Fe,Ni,Zn,Ru,Mn0.2Cu0.2Fe0.2Ni0.2Zn0.2Ru2O4,0
Mn,Cu,Fe,Co,Zn,Ag,Mn0.2Cu0.2Fe0.2Co0.2Zn0.2Ag2O4,0
Mn,Cu,Fe,Co,Zn,Al,Mn0.2Cu0.2Fe0.2Co0.2Zn0.2Al2O4,0
Mn,Cu,Fe,Co,Zn,B,Mn0.2Cu0.2Fe0.2Co0.2Zn0.2B2O4,0
Mn,Cu,Fe,Co,Zn,Bi,Mn0.2Cu0.2Fe0.2Co0.2Zn0.2Bi2O4,0
Mn,Cu,Fe,Co,Zn,Ti,Mn0.2Cu0.2Fe0.2Co0.2Zn0.2Ti2O4,0
Mn,Cu,Fe,Co,Zn,Co,Mn0.2Cu0.2Fe0.2Co0.2Zn0.2Co2O4,0
Mn,Cu,Fe,Co,Zn,Cr,Mn0.2Cu0.2Fe0.2Co0.2Zn0.2Cr2O4,0
Mn,Cu,Fe,Co,Zn,Cu,Mn0.2Cu0.2Fe0.2Co0.2Zn0.2Cu2O4,0
Mn,Cu,Fe,Co,Zn,Fe,Mn0.2Cu0.2Fe0.2Co0.2Zn0.2Fe2O4,0
Mn,Cu,Fe,Co,Zn,V,Mn0.2Cu0.2Fe0.2Co0.2Zn0.2V2O4,0
Mn,Cu,Fe,Co,Zn,Ga,Mn0.2Cu0.2Fe0.2Co0.2Zn0.2Ga2O4,0
Mn,Cu,Fe,Co,Zn,In,Mn0.2Cu0.2Fe0.2Co0.2Zn0.2In2O4,0
Mn,Cu,Fe,Co,Zn,Mn,Mn0.2Cu0.2Fe0.2Co0.2Zn0.2Mn2O4,0
Mn,Cu,Fe,Co,Zn,Mo,Mn0.2Cu0.2Fe0.2Co0.2Zn0.2Mo2O4,0
Mn,Cu,Fe,Co,Zn,N,Mn0.2Cu0.2Fe0.2Co0.2Zn0.2N2O4,0
Mn,Cu,Fe,Co,Zn,Nb,Mn0.2Cu0.2Fe0.2Co0.2Zn0.2Nb2O4,0
Mn,Cu,Fe,Co,Zn,Ni,Mn0.2Cu0.2Fe0.2Co0.2Zn0.2Ni2O4,0
Mn,Cu,Fe,Co,Zn,Ru,Mn0.2Cu0.2Fe0.2Co0.2Zn0.2Ru2O4,0
Mn,Cu,Ni,Co,Zn,Ag,Mn0.2Cu0.2Ni0.2Co0.2Zn0.2Ag2O4,0
Mn,Cu,Ni,Co,Zn,Al,Mn0.2Cu0.2Ni0.2Co0.2Zn0.2Al2O4,0
Mn,Cu,Ni,Co,Zn,B,Mn0.2Cu0.2Ni0.2Co0.2Zn0.2B2O4,0
Mn,Cu,Ni,Co,Zn,Bi,Mn0.2Cu0.2Ni0.2Co0.2Zn0.2Bi2O4,0
Mn,Cu,Ni,Co,Zn,Ti,Mn0.2Cu0.2Ni0.2Co0.2Zn0.2Ti2O4,0
Mn,Cu,Ni,Co,Zn,Co,Mn0.2Cu0.2Ni0.2Co0.2Zn0.2Co2O4,0
Mn,Cu,Ni,Co,Zn,Cr,Mn0.2Cu0.2Ni0.2Co0.2Zn0.2Cr2O4,0
Mn,Cu,Ni,Co,Zn,Cu,Mn0.2Cu0.2Ni0.2Co0.2Zn0.2Cu2O4,0
Mn,Cu,Ni,Co,Zn,Fe,Mn0.2Cu0.2Ni0.2Co0.2Zn0.2Fe2O4,0
Mn,Cu,Ni,Co,Zn,V,Mn0.2Cu0.2Ni0.2Co0.2Zn0.2V2O4,0
Mn,Cu,Ni,Co,Zn,Ga,Mn0.2Cu0.2Ni0.2Co0.2Zn0.2Ga2O4,0
Mn,Cu,Ni,Co,Zn,In,Mn0.2Cu0.2Ni0.2Co0.2Zn0.2In2O4,0
Mn,Cu,Ni,Co,Zn,Mn,Mn0.2Cu0.2Ni0.2Co0.2Zn0.2Mn2O4,0
Mn,Cu,Ni,Co,Zn,Mo,Mn0.2Cu0.2Ni0.2Co0.2Zn0.2Mo2O4,0
Mn,Cu,Ni,Co,Zn,N,Mn0.2Cu0.2Ni0.2Co0.2Zn0.2N2O4,0
Mn,Cu,Ni,Co,Zn,Nb,Mn0.2Cu0.2Ni0.2Co0.2Zn0.2Nb2O4,0
Mn,Cu,Ni,Co,Zn,Ni,Mn0.2Cu0.2Ni0.2Co0.2Zn0.2Ni2O4,0
Mn,Cu,Ni,Co,Zn,Ru,Mn0.2Cu0.2Ni0.2Co0.2Zn0.2Ru2O4,0
Mn,Ag,Fe,Ni,Co,Ag,Mn0.2Ag0.2Fe0.2Ni0.2Co0.2Ag2O4,0
Mn,Ag,Fe,Ni,Co,Al,Mn0.2Ag0.2Fe0.2Ni0.2Co0.2Al2O4,0
Mn,Ag,Fe,Ni,Co,B,Mn0.2Ag0.2Fe0.2Ni0.2Co0.2B2O4,0
Mn,Ag,Fe,Ni,Co,Bi,Mn0.2Ag0.2Fe0.2Ni0.2Co0.2Bi2O4,0
Mn,Ag,Fe,Ni,Co,Ti,Mn0.2Ag0.2Fe0.2Ni0.2Co0.2Ti2O4,0
Mn,Ag,Fe,Ni,Co,Co,Mn0.2Ag0.2Fe0.2Ni0.2Co0.2Co2O4,0
Mn,Ag,Fe,Ni,Co,Cr,Mn0.2Ag0.2Fe0.2Ni0.2Co0.2Cr2O4,0
Mn,Ag,Fe,Ni,Co,Cu,Mn0.2Ag0.2Fe0.2Ni0.2Co0.2Cu2O4,0
Mn,Ag,Fe,Ni,Co,Fe,Mn0.2Ag0.2Fe0.2Ni0.2Co0.2Fe2O4,0
Mn,Ag,Fe,Ni,Co,V,Mn0.2Ag0.2Fe0.2Ni0.2Co0.2V2O4,0
Mn,Ag,Fe,Ni,Co,Ga,Mn0.2Ag0.2Fe0.2Ni0.2Co0.2Ga2O4,0
Mn,Ag,Fe,Ni,Co,In,Mn0.2Ag0.2Fe0.2Ni0.2Co0.2In2O4,0
Mn,Ag,Fe,Ni,Co,Mn,Mn0.2Ag0.2Fe0.2Ni0.2Co0.2Mn2O4,0
Mn,Ag,Fe,Ni,Co,Mo,Mn0.2Ag0.2Fe0.2Ni0.2Co0.2Mo2O4,0
Mn,Ag,Fe,Ni,Co,N,Mn0.2Ag0.2Fe0.2Ni0.2Co0.2N2O4,0
Mn,Ag,Fe,Ni,Co,Nb,Mn0.2Ag0.2Fe0.2Ni0.2Co0.2Nb2O4,0
Mn,Ag,Fe,Ni,Co,Ni,Mn0.2Ag0.2Fe0.2Ni0.2Co0.2Ni2O4,0
Mn,Ag,Fe,Ni,Co,Ru,Mn0.2Ag0.2Fe0.2Ni0.2Co0.2Ru2O4,0
Mn,Ag,Fe,Ni,Zn,Ag,Mn0.2Ag0.2Fe0.2Ni0.2Zn0.2Ag2O4,0
Mn,Ag,Fe,Ni,Zn,Al,Mn0.2Ag0.2Fe0.2Ni0.2Zn0.2Al2O4,0
Mn,Ag,Fe,Ni,Zn,B,Mn0.2Ag0.2Fe0.2Ni0.2Zn0.2B2O4,0
Mn,Ag,Fe,Ni,Zn,Bi,Mn0.2Ag0.2Fe0.2Ni0.2Zn0.2Bi2O4,0
Mn,Ag,Fe,Ni,Zn,Ti,Mn0.2Ag0.2Fe0.2Ni0.2Zn0.2Ti2O4,0
Mn,Ag,Fe,Ni,Zn,Co,Mn0.2Ag0.2Fe0.2Ni0.2Zn0.2Co2O4,0
Mn,Ag,Fe,Ni,Zn,Cr,Mn0.2Ag0.2Fe0.2Ni0.2Zn0.2Cr2O4,0
Mn,Ag,Fe,Ni,Zn,Cu,Mn0.2Ag0.2Fe0.2Ni0.2Zn0.2Cu2O4,0
Mn,Ag,Fe,Ni,Zn,Fe,Mn0.2Ag0.2Fe0.2Ni0.2Zn0.2Fe2O4,0
Mn,Ag,Fe,Ni,Zn,V,Mn0.2Ag0.2Fe0.2Ni0.2Zn0.2V2O4,0
Mn,Ag,Fe,Ni,Zn,Ga,Mn0.2Ag0.2Fe0.2Ni0.2Zn0.2Ga2O4,0
Mn,Ag,Fe,Ni,Zn,In,Mn0.2Ag0.2Fe0.2Ni0.2Zn0.2In2O4,0
Mn,Ag,Fe,Ni,Zn,Mn,Mn0.2Ag0.2Fe0.2Ni0.2Zn0.2Mn2O4,0
Mn,Ag,Fe,Ni,Zn,Mo,Mn0.2Ag0.2Fe0.2Ni0.2Zn0.2Mo2O4,0
Mn,Ag,Fe,Ni,Zn,N,Mn0.2Ag0.2Fe0.2Ni0.2Zn0.2N2O4,0
Mn,Ag,Fe,Ni,Zn,Nb,Mn0.2Ag0.2Fe0.2Ni0.2Zn0.2Nb2O4,0
Mn,Ag,Fe,Ni,Zn,Ni,Mn0.2Ag0.2Fe0.2Ni0.2Zn0.2Ni2O4,0
Mn,Ag,Fe,Ni,Zn,Ru,Mn0.2Ag0.2Fe0.2Ni0.2Zn0.2Ru2O4,0
Mn,Ag,Fe,Co,Zn,Ag,Mn0.2Ag0.2Fe0.2Co0.2Zn0.2Ag2O4,0
Mn,Ag,Fe,Co,Zn,Al,Mn0.2Ag0.2Fe0.2Co0.2Zn0.2Al2O4,0
Mn,Ag,Fe,Co,Zn,B,Mn0.2Ag0.2Fe0.2Co0.2Zn0.2B2O4,0
Mn,Ag,Fe,Co,Zn,Bi,Mn0.2Ag0.2Fe0.2Co0.2Zn0.2Bi2O4,0
Mn,Ag,Fe,Co,Zn,Ti,Mn0.2Ag0.2Fe0.2Co0.2Zn0.2Ti2O4,0
Mn,Ag,Fe,Co,Zn,Co,Mn0.2Ag0.2Fe0.2Co0.2Zn0.2Co2O4,0
Mn,Ag,Fe,Co,Zn,Cr,Mn0.2Ag0.2Fe0.2Co0.2Zn0.2Cr2O4,0
Mn,Ag,Fe,Co,Zn,Cu,Mn0.2Ag0.2Fe0.2Co0.2Zn0.2Cu2O4,0
Mn,Ag,Fe,Co,Zn,Fe,Mn0.2Ag0.2Fe0.2Co0.2Zn0.2Fe2O4,0
Mn,Ag,Fe,Co,Zn,V,Mn0.2Ag0.2Fe0.2Co0.2Zn0.2V2O4,0
Mn,Ag,Fe,Co,Zn,Ga,Mn0.2Ag0.2Fe0.2Co0.2Zn0.2Ga2O4,0
Mn,Ag,Fe,Co,Zn,In,Mn0.2Ag0.2Fe0.2Co0.2Zn0.2In2O4,0
Mn,Ag,Fe,Co,Zn,Mn,Mn0.2Ag0.2Fe0.2Co0.2Zn0.2Mn2O4,0
Mn,Ag,Fe,Co,Zn,Mo,Mn0.2Ag0.2Fe0.2Co0.2Zn0.2Mo2O4,0
Mn,Ag,Fe,Co,Zn,N,Mn0.2Ag0.2Fe0.2Co0.2Zn0.2N2O4,0
Mn,Ag,Fe,Co,Zn,Nb,Mn0.2Ag0.2Fe0.2Co0.2Zn0.2Nb2O4,0
Mn,Ag,Fe,Co,Zn,Ni,Mn0.2Ag0.2Fe0.2Co0.2Zn0.2Ni2O4,0
Mn,Ag,Fe,Co,Zn,Ru,Mn0.2Ag0.2Fe0.2Co0.2Zn0.2Ru2O4,0
Mn,Ag,Ni,Co,Zn,Ag,Mn0.2Ag0.2Ni0.2Co0.2Zn0.2Ag2O4,0
Mn,Ag,Ni,Co,Zn,Al,Mn0.2Ag0.2Ni0.2Co0.2Zn0.2Al2O4,0
Mn,Ag,Ni,Co,Zn,B,Mn0.2Ag0.2Ni0.2Co0.2Zn0.2B2O4,0
Mn,Ag,Ni,Co,Zn,Bi,Mn0.2Ag0.2Ni0.2Co0.2Zn0.2Bi2O4,0
Mn,Ag,Ni,Co,Zn,Ti,Mn0.2Ag0.2Ni0.2Co0.2Zn0.2Ti2O4,0
Mn,Ag,Ni,Co,Zn,Co,Mn0.2Ag0.2Ni0.2Co0.2Zn0.2Co2O4,0
Mn,Ag,Ni,Co,Zn,Cr,Mn0.2Ag0.2Ni0.2Co0.2Zn0.2Cr2O4,0
Mn,Ag,Ni,Co,Zn,Cu,Mn0.2Ag0.2Ni0.2Co0.2Zn0.2Cu2O4,0
Mn,Ag,Ni,Co,Zn,Fe,Mn0.2Ag0.2Ni0.2Co0.2Zn0.2Fe2O4,0
Mn,Ag,Ni,Co,Zn,V,Mn0.2Ag0.2Ni0.2Co0.2Zn0.2V2O4,0
Mn,Ag,Ni,Co,Zn,Ga,Mn0.2Ag0.2Ni0.2Co0.2Zn0.2Ga2O4,0
Mn,Ag,Ni,Co,Zn,In,Mn0.2Ag0.2Ni0.2Co0.2Zn0.2In2O4,0
Mn,Ag,Ni,Co,Zn,Mn,Mn0.2Ag0.2Ni0.2Co0.2Zn0.2Mn2O4,0
Mn,Ag,Ni,Co,Zn,Mo,Mn0.2Ag0.2Ni0.2Co0.2Zn0.2Mo2O4,0
Mn,Ag,Ni,Co,Zn,N,Mn0.2Ag0.2Ni0.2Co0.2Zn0.2N2O4,0
Mn,Ag,Ni,Co,Zn,Nb,Mn0.2Ag0.2Ni0.2Co0.2Zn0.2Nb2O4,0
Mn,Ag,Ni,Co,Zn,Ni,Mn0.2Ag0.2Ni0.2Co0.2Zn0.2Ni2O4,0
Mn,Ag,Ni,Co,Zn,Ru,Mn0.2Ag0.2Ni0.2Co0.2Zn0.2Ru2O4,0
Mn,Fe,Ni,Co,Zn,Ag,Mn0.2Fe0.2Ni0.2Co0.2Zn0.2Ag2O4,0
Mn,Fe,Ni,Co,Zn,Al,Mn0.2Fe0.2Ni0.2Co0.2Zn0.2Al2O4,0
Mn,Fe,Ni,Co,Zn,B,Mn0.2Fe0.2Ni0.2Co0.2Zn0.2B2O4,0
Mn,Fe,Ni,Co,Zn,Bi,Mn0.2Fe0.2Ni0.2Co0.2Zn0.2Bi2O4,0
Mn,Fe,Ni,Co,Zn,Ti,Mn0.2Fe0.2Ni0.2Co0.2Zn0.2Ti2O4,0
Mn,Fe,Ni,Co,Zn,Co,Mn0.2Fe0.2Ni0.2Co0.2Zn0.2Co2O4,0
Mn,Fe,Ni,Co,Zn,Cr,Mn0.2Fe0.2Ni0.2Co0.2Zn0.2Cr2O4,0
Mn,Fe,Ni,Co,Zn,Cu,Mn0.2Fe0.2Ni0.2Co0.2Zn0.2Cu2O4,0
Mn,Fe,Ni,Co,Zn,Fe,Mn0.2Fe0.2Ni0.2Co0.2Zn0.2Fe2O4,0
Mn,Fe,Ni,Co,Zn,V,Mn0.2Fe0.2Ni0.2Co0.2Zn0.2V2O4,0
Mn,Fe,Ni,Co,Zn,Ga,Mn0.2Fe0.2Ni0.2Co0.2Zn0.2Ga2O4,0
Mn,Fe,Ni,Co,Zn,In,Mn0.2Fe0.2Ni0.2Co0.2Zn0.2In2O4,0
Mn,Fe,Ni,Co,Zn,Mn,Mn0.2Fe0.2Ni0.2Co0.2Zn0.2Mn2O4,0
Mn,Fe,Ni,Co,Zn,Mo,Mn0.2Fe0.2Ni0.2Co0.2Zn0.2Mo2O4,0
Mn,Fe,Ni,Co,Zn,N,Mn0.2Fe0.2Ni0.2Co0.2Zn0.2N2O4,0
Mn,Fe,Ni,Co,Zn,Nb,Mn0.2Fe0.2Ni0.2Co0.2Zn0.2Nb2O4,0
Mn,Fe,Ni,Co,Zn,Ni,Mn0.2Fe0.2Ni0.2Co0.2Zn0.2Ni2O4,0
Mn,Fe,Ni,Co,Zn,Ru,Mn0.2Fe0.2Ni0.2Co0.2Zn0.2Ru2O4,0
Cu,Ag,Fe,Ni,Co,Ag,Cu0.2Ag0.2Fe0.2Ni0.2Co0.2Ag2O4,0
Cu,Ag,Fe,Ni,Co,Al,Cu0.2Ag0.2Fe0.2Ni0.2Co0.2Al2O4,0
Cu,Ag,Fe,Ni,Co,B,Cu0.2Ag0.2Fe0.2Ni0.2Co0.2B2O4,0
Cu,Ag,Fe,Ni,Co,Bi,Cu0.2Ag0.2Fe0.2Ni0.2Co0.2Bi2O4,0
Cu,Ag,Fe,Ni,Co,Ti,Cu0.2Ag0.2Fe0.2Ni0.2Co0.2Ti2O4,0
Cu,Ag,Fe,Ni,Co,Co,Cu0.2Ag0.2Fe0.2Ni0.2Co0.2Co2O4,0
Cu,Ag,Fe,Ni,Co,Cr,Cu0.2Ag0.2Fe0.2Ni0.2Co0.2Cr2O4,0
Cu,Ag,Fe,Ni,Co,Cu,Cu0.2Ag0.2Fe0.2Ni0.2Co0.2Cu2O4,0
Cu,Ag,Fe,Ni,Co,Fe,Cu0.2Ag0.2Fe0.2Ni0.2Co0.2Fe2O4,0
Cu,Ag,Fe,Ni,Co,V,Cu0.2Ag0.2Fe0.2Ni0.2Co0.2V2O4,0
Cu,Ag,Fe,Ni,Co,Ga,Cu0.2Ag0.2Fe0.2Ni0.2Co0.2Ga2O4,0
Cu,Ag,Fe,Ni,Co,In,Cu0.2Ag0.2Fe0.2Ni0.2Co0.2In2O4,0
Cu,Ag,Fe,Ni,Co,Mn,Cu0.2Ag0.2Fe0.2Ni0.2Co0.2Mn2O4,0
Cu,Ag,Fe,Ni,Co,Mo,Cu0.2Ag0.2Fe0.2Ni0.2Co0.2Mo2O4,0
Cu,Ag,Fe,Ni,Co,N,Cu0.2Ag0.2Fe0.2Ni0.2Co0.2N2O4,0
Cu,Ag,Fe,Ni,Co,Nb,Cu0.2Ag0.2Fe0.2Ni0.2Co0.2Nb2O4,0
Cu,Ag,Fe,Ni,Co,Ni,Cu0.2Ag0.2Fe0.2Ni0.2Co0.2Ni2O4,0
Cu,Ag,Fe,Ni,Co,Ru,Cu0.2Ag0.2Fe0.2Ni0.2Co0.2Ru2O4,0
Cu,Ag,Fe,Ni,Zn,Ag,Cu0.2Ag0.2Fe0.2Ni0.2Zn0.2Ag2O4,0
Cu,Ag,Fe,Ni,Zn,Al,Cu0.2Ag0.2Fe0.2Ni0.2Zn0.2Al2O4,0
Cu,Ag,Fe,Ni,Zn,B,Cu0.2Ag0.2Fe0.2Ni0.2Zn0.2B2O4,0
Cu,Ag,Fe,Ni,Zn,Bi,Cu0.2Ag0.2Fe0.2Ni0.2Zn0.2Bi2O4,0
Cu,Ag,Fe,Ni,Zn,Ti,Cu0.2Ag0.2Fe0.2Ni0.2Zn0.2Ti2O4,0
Cu,Ag,Fe,Ni,Zn,Co,Cu0.2Ag0.2Fe0.2Ni0.2Zn0.2Co2O4,0
Cu,Ag,Fe,Ni,Zn,Cr,Cu0.2Ag0.2Fe0.2Ni0.2Zn0.2Cr2O4,0
Cu,Ag,Fe,Ni,Zn,Cu,Cu0.2Ag0.2Fe0.2Ni0.2Zn0.2Cu2O4,0
Cu,Ag,Fe,Ni,Zn,Fe,Cu0.2Ag0.2Fe0.2Ni0.2Zn0.2Fe2O4,0
Cu,Ag,Fe,Ni,Zn,V,Cu0.2Ag0.2Fe0.2Ni0.2Zn0.2V2O4,0
Cu,Ag,Fe,Ni,Zn,Ga,Cu0.2Ag0.2Fe0.2Ni0.2Zn0.2Ga2O4,0
Cu,Ag,Fe,Ni,Zn,In,Cu0.2Ag0.2Fe0.2Ni0.2Zn0.2In2O4,0
Cu,Ag,Fe,Ni,Zn,Mn,Cu0.2Ag0.2Fe0.2Ni0.2Zn0.2Mn2O4,0
Cu,Ag,Fe,Ni,Zn,Mo,Cu0.2Ag0.2Fe0.2Ni0.2Zn0.2Mo2O4,0
Cu,Ag,Fe,Ni,Zn,N,Cu0.2Ag0.2Fe0.2Ni0.2Zn0.2N2O4,0
Cu,Ag,Fe,Ni,Zn,Nb,Cu0.2Ag0.2Fe0.2Ni0.2Zn0.2Nb2O4,0
Cu,Ag,Fe,Ni,Zn,Ni,Cu0.2Ag0.2Fe0.2Ni0.2Zn0.2Ni2O4,0
Cu,Ag,Fe,Ni,Zn,Ru,Cu0.2Ag0.2Fe0.2Ni0.2Zn0.2Ru2O4,0
Cu,Ag,Fe,Co,Zn,Ag,Cu0.2Ag0.2Fe0.2Co0.2Zn0.2Ag2O4,0
Cu,Ag,Fe,Co,Zn,Al,Cu0.2Ag0.2Fe0.2Co0.2Zn0.2Al2O4,0
Cu,Ag,Fe,Co,Zn,B,Cu0.2Ag0.2Fe0.2Co0.2Zn0.2B2O4,0
Cu,Ag,Fe,Co,Zn,Bi,Cu0.2Ag0.2Fe0.2Co0.2Zn0.2Bi2O4,0
Cu,Ag,Fe,Co,Zn,Ti,Cu0.2Ag0.2Fe0.2Co0.2Zn0.2Ti2O4,0
Cu,Ag,Fe,Co,Zn,Co,Cu0.2Ag0.2Fe0.2Co0.2Zn0.2Co2O4,0
Cu,Ag,Fe,Co,Zn,Cr,Cu0.2Ag0.2Fe0.2Co0.2Zn0.2Cr2O4,0
Cu,Ag,Fe,Co,Zn,Cu,Cu0.2Ag0.2Fe0.2Co0.2Zn0.2Cu2O4,0
Cu,Ag,Fe,Co,Zn,Fe,Cu0.2Ag0.2Fe0.2Co0.2Zn0.2Fe2O4,0
Cu,Ag,Fe,Co,Zn,V,Cu0.2Ag0.2Fe0.2Co0.2Zn0.2V2O4,0
Cu,Ag,Fe,Co,Zn,Ga,Cu0.2Ag0.2Fe0.2Co0.2Zn0.2Ga2O4,0
Cu,Ag,Fe,Co,Zn,In,Cu0.2Ag0.2Fe0.2Co0.2Zn0.2In2O4,0
Cu,Ag,Fe,Co,Zn,Mn,Cu0.2Ag0.2Fe0.2Co0.2Zn0.2Mn2O4,0
Cu,Ag,Fe,Co,Zn,Mo,Cu0.2Ag0.2Fe0.2Co0.2Zn0.2Mo2O4,0
Cu,Ag,Fe,Co,Zn,N,Cu0.2Ag0.2Fe0.2Co0.2Zn0.2N2O4,0
Cu,Ag,Fe,Co,Zn,Nb,Cu0.2Ag0.2Fe0.2Co0.2Zn0.2Nb2O4,0
Cu,Ag,Fe,Co,Zn,Ni,Cu0.2Ag0.2Fe0.2Co0.2Zn0.2Ni2O4,0
Cu,Ag,Fe,Co,Zn,Ru,Cu0.2Ag0.2Fe0.2Co0.2Zn0.2Ru2O4,0
Cu,Ag,Ni,Co,Zn,Ag,Cu0.2Ag0.2Ni0.2Co0.2Zn0.2Ag2O4,0
Cu,Ag,Ni,Co,Zn,Al,Cu0.2Ag0.2Ni0.2Co0.2Zn0.2Al2O4,0
Cu,Ag,Ni,Co,Zn,B,Cu0.2Ag0.2Ni0.2Co0.2Zn0.2B2O4,0
Cu,Ag,Ni,Co,Zn,Bi,Cu0.2Ag0.2Ni0.2Co0.2Zn0.2Bi2O4,0
Cu,Ag,Ni,Co,Zn,Ti,Cu0.2Ag0.2Ni0.2Co0.2Zn0.2Ti2O4,0
Cu,Ag,Ni,Co,Zn,Co,Cu0.2Ag0.2Ni0.2Co0.2Zn0.2Co2O4,0
Cu,Ag,Ni,Co,Zn,Cr,Cu0.2Ag0.2Ni0.2Co0.2Zn0.2Cr2O4,0
Cu,Ag,Ni,Co,Zn,Cu,Cu0.2Ag0.2Ni0.2Co0.2Zn0.2Cu2O4,0
Cu,Ag,Ni,Co,Zn,Fe,Cu0.2Ag0.2Ni0.2Co0.2Zn0.2Fe2O4,0
Cu,Ag,Ni,Co,Zn,V,Cu0.2Ag0.2Ni0.2Co0.2Zn0.2V2O4,0
Cu,Ag,Ni,Co,Zn,Ga,Cu0.2Ag0.2Ni0.2Co0.2Zn0.2Ga2O4,0
Cu,Ag,Ni,Co,Zn,In,Cu0.2Ag0.2Ni0.2Co0.2Zn0.2In2O4,0
Cu,Ag,Ni,Co,Zn,Mn,Cu0.2Ag0.2Ni0.2Co0.2Zn0.2Mn2O4,0
Cu,Ag,Ni,Co,Zn,Mo,Cu0.2Ag0.2Ni0.2Co0.2Zn0.2Mo2O4,0
Cu,Ag,Ni,Co,Zn,N,Cu0.2Ag0.2Ni0.2Co0.2Zn0.2N2O4,0
Cu,Ag,Ni,Co,Zn,Nb,Cu0.2Ag0.2Ni0.2Co0.2Zn0.2Nb2O4,0
Cu,Ag,Ni,Co,Zn,Ni,Cu0.2Ag0.2Ni0.2Co0.2Zn0.2Ni2O4,0
Cu,Ag,Ni,Co,Zn,Ru,Cu0.2Ag0.2Ni0.2Co0.2Zn0.2Ru2O4,0
Cu,Fe,Ni,Co,Zn,Ag,Cu0.2Fe0.2Ni0.2Co0.2Zn0.2Ag2O4,0
Cu,Fe,Ni,Co,Zn,Al,Cu0.2Fe0.2Ni0.2Co0.2Zn0.2Al2O4,0
Cu,Fe,Ni,Co,Zn,B,Cu0.2Fe0.2Ni0.2Co0.2Zn0.2B2O4,0
Cu,Fe,Ni,Co,Zn,Bi,Cu0.2Fe0.2Ni0.2Co0.2Zn0.2Bi2O4,0
Cu,Fe,Ni,Co,Zn,Ti,Cu0.2Fe0.2Ni0.2Co0.2Zn0.2Ti2O4,0
Cu,Fe,Ni,Co,Zn,Co,Cu0.2Fe0.2Ni0.2Co0.2Zn0.2Co2O4,0
Cu,Fe,Ni,Co,Zn,Cr,Cu0.2Fe0.2Ni0.2Co0.2Zn0.2Cr2O4,0
Cu,Fe,Ni,Co,Zn,Cu,Cu0.2Fe0.2Ni0.2Co0.2Zn0.2Cu2O4,0
Cu,Fe,Ni,Co,Zn,Fe,Cu0.2Fe0.2Ni0.2Co0.2Zn0.2Fe2O4,0
Cu,Fe,Ni,Co,Zn,V,Cu0.2Fe0.2Ni0.2Co0.2Zn0.2V2O4,0
Cu,Fe,Ni,Co,Zn,Ga,Cu0.2Fe0.2Ni0.2Co0.2Zn0.2Ga2O4,0
Cu,Fe,Ni,Co,Zn,In,Cu0.2Fe0.2Ni0.2Co0.2Zn0.2In2O4,0
Cu,Fe,Ni,Co,Zn,Mn,Cu0.2Fe0.2Ni0.2Co0.2Zn0.2Mn2O4,0
Cu,Fe,Ni,Co,Zn,Mo,Cu0.2Fe0.2Ni0.2Co0.2Zn0.2Mo2O4,0
Cu,Fe,Ni,Co,Zn,N,Cu0.2Fe0.2Ni0.2Co0.2Zn0.2N2O4,0
Cu,Fe,Ni,Co,Zn,Nb,Cu0.2Fe0.2Ni0.2Co0.2Zn0.2Nb2O4,0
Cu,Fe,Ni,Co,Zn,Ni,Cu0.2Fe0.2Ni0.2Co0.2Zn0.2Ni2O4,0
Cu,Fe,Ni,Co,Zn,Ru,Cu0.2Fe0.2Ni0.2Co0.2Zn0.2Ru2O4,0
Ag,Fe,Ni,Co,Zn,Ag,Ag0.2Fe0.2Ni0.2Co0.2Zn0.2Ag2O4,0
Ag,Fe,Ni,Co,Zn,Al,Ag0.2Fe0.2Ni0.2Co0.2Zn0.2Al2O4,0
Ag,Fe,Ni,Co,Zn,B,Ag0.2Fe0.2Ni0.2Co0.2Zn0.2B2O4,0
Ag,Fe,Ni,Co,Zn,Bi,Ag0.2Fe0.2Ni0.2Co0.2Zn0.2Bi2O4,0
Ag,Fe,Ni,Co,Zn,Ti,Ag0.2Fe0.2Ni0.2Co0.2Zn0.2Ti2O4,0
Ag,Fe,Ni,Co,Zn,Co,Ag0.2Fe0.2Ni0.2Co0.2Zn0.2Co2O4,0
Ag,Fe,Ni,Co,Zn,Cr,Ag0.2Fe0.2Ni0.2Co0.2Zn0.2Cr2O4,0
Ag,Fe,Ni,Co,Zn,Cu,Ag0.2Fe0.2Ni0.2Co0.2Zn0.2Cu2O4,0
Ag,Fe,Ni,Co,Zn,Fe,Ag0.2Fe0.2Ni0.2Co0.2Zn0.2Fe2O4,0
Ag,Fe,Ni,Co,Zn,V,Ag0.2Fe0.2Ni0.2Co0.2Zn0.2V2O4,0
Ag,Fe,Ni,Co,Zn,Ga,Ag0.2Fe0.2Ni0.2Co0.2Zn0.2Ga2O4,0
Ag,Fe,Ni,Co,Zn,In,Ag0.2Fe0.2Ni0.2Co0.2Zn0.2In2O4,0
Ag,Fe,Ni,Co,Zn,Mn,Ag0.2Fe0.2Ni0.2Co0.2Zn0.2Mn2O4,0
Ag,Fe,Ni,Co,Zn,Mo,Ag0.2Fe0.2Ni0.2Co0.2Zn0.2Mo2O4,0
Ag,Fe,Ni,Co,Zn,N,Ag0.2Fe0.2Ni0.2Co0.2Zn0.2N2O4,0
Ag,Fe,Ni,Co,Zn,Nb,Ag0.2Fe0.2Ni0.2Co0.2Zn0.2Nb2O4,0
Ag,Fe,Ni,Co,Zn,Ni,Ag0.2Fe0.2Ni0.2Co0.2Zn0.2Ni2O4,0
Ag,Fe,Ni,Co,Zn,Ru,Ag0.2Fe0.2Ni0.2Co0.2Zn0.2Ru2O4,0
